cert_type_id,tag,created_at,updated_at
2006,MEDICAL,2026-06-29T06:48:37+00:00,2026-06-29T06:48:37+00:00
3051,SAR_FIELD,2026-06-29T06:48:37+00:00,2026-06-29T06:48:37+00:00
3052,LSAR_TL,2026-06-29T06:48:37+00:00,2026-06-29T06:48:37+00:00
3052,SAR_FIELD,2026-06-29T06:48:37+00:00,2026-06-29T06:48:37+00:00
3052,DF_FIELD,2026-06-29T06:48:37+00:00,2026-06-29T06:48:37+00:00
3053,DF_FIELD,2026-06-29T06:48:37+00:00,2026-06-29T06:48:37+00:00
3150,PILOT,2026-06-29T06:48:37+00:00,2026-06-29T06:48:37+00:00
3151,PILOT,2026-06-29T06:48:37+00:00,2026-06-29T06:48:37+00:00
3151,SAR_PILOT,2026-06-29T06:48:37+00:00,2026-06-29T06:48:37+00:00
3152,OBSERVER,2026-06-29T06:48:37+00:00,2026-06-29T06:48:37+00:00
3152,SCANNER,2026-06-29T06:48:37+00:00,2026-06-29T06:48:37+00:00
4003,PSC,2026-06-29T06:48:37+00:00,2026-06-29T06:48:37+00:00
4004,LSC,2026-06-29T06:48:37+00:00,2026-06-29T06:48:37+00:00
4005,FASC,2026-06-29T06:48:37+00:00,2026-06-29T06:48:37+00:00
4006,OSC,2026-06-29T06:48:37+00:00,2026-06-29T06:48:37+00:00
4007,SOFR,2026-06-29T06:48:37+00:00,2026-06-29T06:48:37+00:00
5001,COMMS_TECH,2026-06-29T06:48:37+00:00,2026-06-29T06:48:37+00:00
5001,COML,2026-06-29T06:48:37+00:00,2026-06-29T06:48:37+00:00
5001,RADO,2026-06-29T06:48:37+00:00,2026-06-29T06:48:37+00:00
5002,COMMS_TECH,2026-06-29T06:48:37+00:00,2026-06-29T06:48:37+00:00
5002,RADO,2026-06-29T06:48:37+00:00,2026-06-29T06:48:37+00:00
5003,COMMS_TECH,2026-06-29T06:48:37+00:00,2026-06-29T06:48:37+00:00
5003,COML,2026-06-29T06:48:37+00:00,2026-06-29T06:48:37+00:00
5003,RADO,2026-06-29T06:48:37+00:00,2026-06-29T06:48:37+00:00
2002,MEDICAL,2026-07-01T19:21:13+00:00,2026-07-01T19:21:13+00:00
2003,MEDIC,2026-07-01T19:21:13+00:00,2026-07-01T19:21:13+00:00
2003,MEDICAL,2026-07-01T19:21:13+00:00,2026-07-01T19:21:13+00:00
2004,MEDIC,2026-07-01T19:21:13+00:00,2026-07-01T19:21:13+00:00
2004,MEDICAL,2026-07-01T19:21:13+00:00,2026-07-01T19:21:13+00:00
2005,MEDIC,2026-07-01T19:21:13+00:00,2026-07-01T19:21:13+00:00
2005,MEDICAL,2026-07-01T19:21:13+00:00,2026-07-01T19:21:13+00:00
2007,MEDIC,2026-07-01T19:21:13+00:00,2026-07-01T19:21:13+00:00
2007,MEDICAL,2026-07-01T19:21:13+00:00,2026-07-01T19:21:13+00:00
2008,MEDIC,2026-07-01T19:21:13+00:00,2026-07-01T19:21:13+00:00
2008,MEDICAL,2026-07-01T19:21:13+00:00,2026-07-01T19:21:13+00:00
4001,IC,2026-07-01T19:21:13+00:00,2026-07-01T19:21:13+00:00
4002,OPERATIONS,2026-07-01T19:21:13+00:00,2026-07-01T19:21:13+00:00
5004,RADO,2026-07-01T19:21:13+00:00,2026-07-01T19:21:13+00:00
5005,RADO,2026-07-01T19:21:13+00:00,2026-07-01T19:21:13+00:00
