certification_type_id,code,name,description,category,issuing_organization,parent_certification_id,issuing_org,parent_id,updated_at,created_at,is_medical
1,ADIS,ADIS - Aerial Digital Imaging System Operator,,CAP,Civil Air Patrol,,,,,,
2,AOBD,AOBD - Air Operations Branch Director,,CAP,Civil Air Patrol,,,,,,
3,AP,AP - Airborne Photographer,,CAP,Civil Air Patrol,,,,,,
7,CD,CD - Counterdrug,,CAP,Civil Air Patrol,,,,,,
10,CERT,CERT - Community Emergency Response Team,,CAP,Civil Air Patrol,,,,,,
12,CISM,CISM - Critical Incident Stress Management Personnel,,CAP,Civil Air Patrol,,,,,,
13,CSSCS,CSSCS - Chaplain Support Specialist (CAP Support Rating),,CAP,Civil Air Patrol,,,,,,
14,CSSDS,CSSDS - Chaplain Support Specialist (Disaster Support Rating),,CAP,Civil Air Patrol,,,,,,
15,CUL,Communications Technician,Communications Technician,Radio,CAP,,,,,,
19,DATC,DATC - Damage Assessment Training Course,,CAP,Civil Air Patrol,,,,,,
20,FASC,Finance/Administration Section Chief,Finance/Administration Section Chief,All-Hazards,FEMA,,,,,,
21,FLM,FLM - Flight Line Marshaller,,CAP,Civil Air Patrol,,,,,,
22,FLS,FLS - Flight Line Supervisor,,CAP,Civil Air Patrol,,,,,,
23,FRO,FRO - Flight Release Officer,,CAP,Civil Air Patrol,,,,,,
24,GBD,GBD - Ground Branch Director,,CAP,Civil Air Patrol,,,,,,
25,GES,GES - General Emergency Services,,CAP,Civil Air Patrol,,,,,,
29,GTL,Ground Team Leader,Ground Team Leader,SAR,CAP,32,,,,,
30,GTM1,Ground Team Member 1,Ground Team Member 1,SAR,CAP,31,,,,,
31,GTM2,Ground Team Member 2,Ground Team Member 2,SAR,CAP,32,,,,,
32,GTM3,Ground Team Member 3,Ground Team Member 3,SAR,CAP,,,,,,
33,IC1,Incident Commander 1,Incident Commander 1,SAR,CAP,34,,,,,
34,IC2,Incident Commander 2,Incident Commander 2,SAR,CAP,35,,,,,
35,IC3,Incident Commander 3,Incident Commander 3,SAR,CAP,,,,,,
36,ICS300,ICS300 - ICS-300,,ICS,FEMA,,,,,,
37,ICS400,ICS400 - ICS-400,,ICS,FEMA,,,,,,
38,ICUT,ICUT - Introductory Communications User Training,,CAP,Civil Air Patrol,,,,,,
39,IS100,IS100 - IS-100,,ICS,FEMA,,,,,,
40,IS200,IS200 - IS-200,,ICS,FEMA,,,,,,
41,IS368,IS368 - IS-368,,ICS,FEMA,,,,,,
42,IS405,IS405 - IS-405,,ICS,FEMA,,,,,,
43,IS505,IS505 - IS-505,,ICS,FEMA,,,,,,
44,IS520,IS520 - IS-520,,ICS,FEMA,,,,,,
45,IS700,IS700 - IS-700,,ICS,FEMA,,,,,,
46,IS800,IS800 - IS-800,,ICS,FEMA,,,,,,
47,K2300,K2300 EOC Intermediate Operations Course,,ICS,FEMA,,,,,,
48,LO,LO - Liaison Officer,,CAP,Civil Air Patrol,,,,,,
49,LSC,Logistics Section Chief,Logistics Section Chief,All-Hazards,FEMA,,,,,,
50,MCCS,MCCS - Mission Chaplain (CAP Support Rating),,CAP,Civil Air Patrol,,,,,,
51,MCDS,MCDS - Mission Chaplain (Disaster Support Rating),,CAP,Civil Air Patrol,,,,,,
52,MFC,MFC - Mountain Flying Certification,,CAP,Civil Air Patrol,,,,,,
53,MO,MO - Mission Observer,,CAP,Civil Air Patrol,,,,,,
54,MP,MP - SAR/DR Mission Pilot,,CAP,Civil Air Patrol,,,,,,
55,MRO,Mission Radio Operator,Mission Radio Operator,SAR,CAP,,,,,,
56,MS,MS - Mission Scanner,,CAP,Civil Air Patrol,,,,,,
57,MSA,Mission Staff Assistant,Mission Staff Assistant,All-Hazards,FEMA,,,,,,
58,MSO,Mission Staff Assistant (Ops),Mission Staff Assistant (Ops),SAR,CAP,,,,,,
59,OSC,Operations Section Chief,Operations Section Chief,All-Hazards,FEMA,,,,,,
60,PIO,PIO - Public Information Officer,,CAP,Civil Air Patrol,,,,,,
61,PODC,PODC - Point of Distribution Course,,CAP,Civil Air Patrol,,,,,,
62,PSC,Planning Section Chief,Planning Section Chief,All-Hazards,FEMA,,,,,,
63,SFGC,SFGC - Shelter Field Guide Course,,CAP,Civil Air Patrol,,,,,,
64,SFRO,SFRO - Senior Flight Release Officer,,CAP,Civil Air Patrol,,,,,,
65,TMP,TMP - Transport Mission Pilot,,CAP,Civil Air Patrol,,,,,,
66,UAO,UAO - Unit Alert Officer,,CAP,Civil Air Patrol,,,,,,
67,UASMP,UASMP - sUAS Mission Pilot,,CAP,Civil Air Patrol,,,,,,
68,UAST,UAST - sUAS Technician,,CAP,Civil Air Patrol,,,,,,
69,UDF,Urban Direction Finding,Urban Direction Finding,SAR,CAP,,,,,,
70,WAO,WAO - Wing Alert Officer,,CAP,Civil Air Patrol,,,,,,
71,WS,WS - Water Survival,,CAP,Civil Air Patrol,,,,,,
72,EMR,Emergency Medical Responder,Emergency Medical Responder,Medical,State EMS,,,,,,
73,EMTB,Emergency Medical Technician - Basic,,MEDICAL,State License,74,,,,,
74,EMTA,Emergency Medical Technician - Advanced,,MEDICAL,State License,75,,,,,
75,EMTP,Emergency Medical Technician - Paramedic,,MEDICAL,State License,,,,,,
76,RN,Registered Nurse,,MEDICAL,State License,,,,,,
77,MD,Physician,,MEDICAL,State License,,,,,,
78,FA,Standard First Aid,,MEDICAL,Local AHJ,,,,,,
79,FACPR,First Aid/CPR,,MEDICAL,Local AHJ,,,,,,
80,SARTECH I,NASAR - SARTECH Team Leader,,NASAR,National Association of Search and Rescue,,,,,,
81,SARTECH II,NASAR - SARTECH II Wilderness Responder,,NASAR,National Association of Search and Rescue,80,,,,,
82,SARTECH III,NASAR - SARTECH III Non-Wilderness Responder,,NASAR,National Association of Search and Rescue,81,,,,,
83,SARTECH IV,NASAR - SARTECH IV Awareness,,NASAR,National Association of Search and Rescue,82,,,,,
84,COML,Communications Unit Leader,Communications Unit Leader,Radio,All-Hazards,,,,,,
85,COMT,Communications Technician,Communications Technician,Radio,All-Hazards,,,,,,
1001,ICS-100,Introduction to ICS,Introduction to ICS,ICS/NIMS,FEMA,,,,,,
1002,ICS-200,Basic ICS,Basic ICS,ICS/NIMS,FEMA,,,,,,
1003,ICS-300,Intermediate ICS,Intermediate ICS,ICS/NIMS,FEMA,,,,,,
1004,ICS-400,Advanced ICS,Advanced ICS,ICS/NIMS,FEMA,,,,,,
1005,IS-700,NIMS,NIMS,ICS/NIMS,FEMA,,,,,,
1006,IS-800,National Response Framework,National Response Framework,ICS/NIMS,FEMA,,,,,,
2001,FA-CPR,First Aid / CPR,First Aid / CPR,Medical,AHA/Red Cross,,,,,,
2003,EMT,Emergency Medical Technician,Emergency Medical Technician,Medical,State EMS,,,,,,
3101,SARTECH-1,NASAR SARTECH I,NASAR SARTECH I,SAR,NASAR,,,,,,
4002,RADO,Radio Operator,Radio Operator,Radio,All-Hazards,,,,,,
5001,SOFR,Safety Officer,Safety Officer,All-Hazards,FEMA,,,,,,
5002,IS-100,Introduction to ICS,Introduction to ICS,ICS/NIMS,FEMA,,,,,,
5003,IS-200,Basic ICS,Basic ICS,ICS/NIMS,FEMA,,,,,,
5011,EMT-A,Emergency Medical Technician - Advanced,Emergency Medical Technician - Advanced,Medical,State EMS,,,,,,
5012,EMT-P,Paramedic,Paramedic,Medical,State EMS,,,,,,
5013,WFA,Wilderness First Aid,Wilderness First Aid,Medical,NOLS,,,,,,
5014,WFR,Wilderness First Responder,Wilderness First Responder,Medical,NOLS,,,,,,
5015,WEMT,Wilderness EMT,Wilderness EMT,Medical,NOLS,,,,,,
5016,LSAR,Ground Search and Rescue Team Member,Ground Search and Rescue Team Member,SAR,AHJ,,,,,,
5017,LSAR-TL,Ground Search and Rescue Team Leader,Ground Search and Rescue Team Leader,SAR,AHJ,3051,,,,,
5018,DF,Direction Finding Team Member,Direction Finding Team Member,SAR,AHJ,,,,,,
5019,PILOT,Pilot,Pilot,Aviation,FAA,,,,,,
5020,SAR-PILOT,SAR Pilot,SAR Pilot,Aviation,FAA,3150,,,,,
5021,AIRCREW,Aviation Aircrew,Aviation Aircrew,Aviation,FAA,,,,,,
5022,IC,Incident Commander,Incident Commander,Incident Staff,All-Hazards,,,,,,
,IS-100,Introduction to ICS,,ICS/NIMS,,,FEMA,,2026-06-29T06:48:37+00:00,2026-06-14T21:44:03+00:00,
,IS-200,Basic ICS,,ICS/NIMS,,,FEMA,,2026-06-29T06:48:37+00:00,2026-06-14T21:44:03+00:00,
,ICS-300,Intermediate ICS,,ICS/NIMS,,,FEMA,,2026-06-29T06:48:37+00:00,2026-06-14T21:44:03+00:00,
,ICS-400,Advanced ICS,,ICS/NIMS,,,FEMA,,2026-06-29T06:48:37+00:00,2026-06-14T21:44:03+00:00,
,IS-700,NIMS,,ICS/NIMS,,,FEMA,,2026-06-29T06:48:37+00:00,2026-06-14T21:44:03+00:00,
,IS-800,National Response Framework,,ICS/NIMS,,,FEMA,,2026-06-29T06:48:37+00:00,2026-06-14T21:44:03+00:00,
,FA-CPR,First Aid / CPR,,Medical,,,AHA/Red Cross,,2026-06-29T06:48:37+00:00,2026-06-14T21:44:03+00:00,
,EMR,Emergency Medical Responder,,Medical,,,State EMS,,2026-07-01T19:21:13+00:00,2026-06-14T21:44:03+00:00,True
,EMT,Emergency Medical Technician,,Medical,,,State EMS,,2026-07-01T19:21:13+00:00,2026-06-14T21:44:03+00:00,True
,EMT-A,Emergency Medical Technician - Advanced,,Medical,,,State EMS,,2026-07-01T19:21:13+00:00,2026-06-14T21:44:03+00:00,True
,EMT-P,Paramedic,,Medical,,,State EMS,,2026-07-01T19:21:13+00:00,2026-06-14T21:44:03+00:00,True
,WFA,Wilderness First Aid,,Medical,,,NOLS,,2026-06-29T06:48:37+00:00,2026-06-14T21:44:03+00:00,
,WFR,Wilderness First Responder,,Medical,,,NOLS,,2026-07-01T19:21:13+00:00,2026-06-14T21:44:03+00:00,True
,WEMT,Wilderness EMT,,Medical,,,NOLS,,2026-07-01T19:21:13+00:00,2026-06-14T21:44:03+00:00,True
,LSAR,Ground Search and Rescue Team Member,,SAR,,,AHJ,,2026-06-29T06:48:37+00:00,2026-06-14T21:44:03+00:00,
,LSAR-TL,Ground Search and Rescue Team Leader,,SAR,,,AHJ,3051,2026-06-29T06:48:37+00:00,2026-06-14T21:44:03+00:00,
,DF,Direction Finding Team Member,,SAR,,,AHJ,,2026-06-29T06:48:37+00:00,2026-06-14T21:44:03+00:00,
,PILOT,Pilot,,Aviation,,,FAA,,2026-06-29T06:48:37+00:00,2026-06-14T21:44:03+00:00,
,SAR-PILOT,SAR Pilot,,Aviation,,,FAA,3150,2026-06-29T06:48:37+00:00,2026-06-14T21:44:03+00:00,
,AIRCREW,Aviation Aircrew,,Aviation,,,FAA,,2026-06-29T06:48:37+00:00,2026-06-14T21:44:03+00:00,
,IC,Incident Commander,,Incident Staff,,,All-Hazards,,2026-07-01T19:21:13+00:00,2026-06-14T21:44:03+00:00,False
,MSA,Incident Staff Assistant,,All-Hazards,,,FEMA,,2026-07-01T19:21:13+00:00,2026-06-14T21:44:03+00:00,False
,PSC,Planning Section Chief,,All-Hazards,,,FEMA,,2026-06-29T06:48:37+00:00,2026-06-14T21:44:03+00:00,
,LSC,Logistics Section Chief,,All-Hazards,,,FEMA,,2026-06-29T06:48:37+00:00,2026-06-14T21:44:03+00:00,
,FASC,Finance/Administration Section Chief,,All-Hazards,,,FEMA,,2026-06-29T06:48:37+00:00,2026-06-14T21:44:03+00:00,
,OSC,Operations Section Chief,,All-Hazards,,,FEMA,,2026-06-29T06:48:37+00:00,2026-06-14T21:44:03+00:00,
,SOFR,Safety Officer,,All-Hazards,,,FEMA,,2026-06-29T06:48:37+00:00,2026-06-14T21:44:03+00:00,
,COML,Communications Unit Leader,,Radio,,,All-Hazards,,2026-06-29T06:48:37+00:00,2026-06-14T21:44:03+00:00,
,COMT,Communications Technician,,Radio,,,All-Hazards,,2026-06-29T06:48:37+00:00,2026-06-14T21:44:03+00:00,
,CUL,Communications Technician,,Radio,,,CAP,,2026-06-29T06:48:37+00:00,2026-06-14T21:44:03+00:00,
,RADO,Radio Operator,,Radio,,,All-Hazards,,2026-07-01T19:21:13+00:00,2026-06-14T21:44:03+00:00,False
,MRO,Incident Radio Operator,,SAR,,,CAP,,2026-07-01T19:21:13+00:00,2026-06-14T21:44:03+00:00,False
