template_id,name,default_duration_minutes,agenda_sections,required_attendee_roles,optional_attendee_roles,prep_checklist,agenda_checklist,closeout_checklist,appears_on_ics230_default,active,slug,prep_checklist_items,agenda_checklist_items,closeout_checklist_items,created_at,updated_at
command-general-staff,Command and General Staff Meeting,60,"[""Commander's intent"", ""Section updates"", ""Constraints"", ""Open decisions""]","[""Incident Commander"", ""Command Staff"", ""General Staff""]","[""Technical Specialists"", ""Agency Representatives""]","[""Confirm section inputs"", ""Review current objectives""]","[""Capture decisions"", ""Confirm planning timeline""]","[""Route decisions to Planning log"", ""Update action owners""]",True,True,,,,,,
tactics,Tactics Meeting,45,"[""Objectives"", ""Tactical assignments"", ""Resource needs"", ""Safety concerns""]","[""Operations Section Chief"", ""Planning Section Chief"", ""Safety Officer""]","[""Logistics Section Chief"", ""Branch Directors""]","[""Gather situation status"", ""Review resource availability""]","[""Validate tactics"", ""Identify resource shortfalls""]","[""Send resource gaps for follow-up"", ""Update draft ICS-215 inputs""]",True,True,,,,,,
planning,Planning Meeting,60,"[""Situation review"", ""Objectives approval"", ""Plan components"", ""Deadlines""]","[""Incident Commander"", ""Planning Section Chief"", ""Operations Section Chief""]","[""Logistics Section Chief"", ""Finance/Admin Section Chief""]","[""Prepare proposed objectives"", ""Compile section plan inputs""]","[""Approve objectives"", ""Confirm IAP components""]","[""Assign IAP owners"", ""Publish planning timeline changes""]",True,True,,,,,,
operations-briefing,Operations Briefing,30,"[""Current situation"", ""Assignments"", ""Communications"", ""Safety message""]","[""Operations Section Chief"", ""Supervisors"", ""Safety Officer""]","[""Incident Commander"", ""Liaison Officer""]","[""Finalize assignment materials"", ""Confirm briefing location""]","[""Brief assignments"", ""Brief safety and communications""]","[""Record attendance"", ""Capture late changes""]",True,True,,,,,,
safety-briefing,Safety Briefing,20,"[""Hazards"", ""Controls"", ""Emergency procedures"", ""Questions""]","[""Safety Officer"", ""Operations Supervisors""]","[""Medical Unit Leader""]","[""Review current hazards"", ""Prepare safety message""]","[""Brief controls"", ""Confirm emergency procedures""]","[""Route safety items to log"", ""Update safety documentation""]",True,True,,,,,,
logistics,Logistics Meeting,45,"[""Facilities"", ""Supply"", ""Communications"", ""Medical support"", ""Transportation""]","[""Logistics Section Chief"", ""Service Branch Director"", ""Support Branch Director""]","[""Operations Section Chief"", ""Planning Section Chief""]","[""Review open resource requests"", ""Confirm support constraints""]","[""Prioritize support needs"", ""Identify delivery blockers""]","[""Update resource request status"", ""Assign follow-up owners""]",True,True,,,,,,
finance-admin,Finance/Admin Meeting,45,"[""Time"", ""Procurement"", ""Compensation/claims"", ""Cost tracking""]","[""Finance/Admin Section Chief""]","[""Logistics Section Chief"", ""Agency Representatives""]","[""Review cost data"", ""Collect procurement issues""]","[""Resolve approval blockers"", ""Confirm documentation needs""]","[""Route fiscal decisions"", ""Update approval queue""]",True,True,,,,,,
demobilization,Demobilization Meeting,45,"[""Release priorities"", ""Travel"", ""Accountability"", ""Documentation""]","[""Demobilization Unit Leader"", ""Planning Section Chief"", ""Logistics Section Chief""]","[""Operations Section Chief"", ""Finance/Admin Section Chief""]","[""Review demobilization criteria"", ""Prepare release candidates""]","[""Confirm release process"", ""Identify special travel needs""]","[""Update demobilization plan"", ""Notify affected units""]",True,True,,,,,,
public-information,Public Information Meeting,30,"[""Messages"", ""Media issues"", ""Approvals"", ""Release timing""]","[""Public Information Officer""]","[""Incident Commander"", ""Liaison Officer"", ""Agency Representatives""]","[""Collect draft messages"", ""Review approval requirements""]","[""Confirm key messages"", ""Identify rumor control needs""]","[""Route approved messages"", ""Track follow-up questions""]",True,True,,,,,,
,Objectives Meeting,45,"[""Incident priorities"", ""Command emphasis"", ""End state"", ""Objective approval""]","[""Incident Commander"", ""Planning Section Chief"", ""Operations Section Chief""]","[""Command Staff"", ""Agency Representatives""]",,,,True,True,objectives-meeting,"[""Review current situation"", ""Prepare objective recommendations""]","[""Confirm command emphasis"", ""Approve operational objectives""]","[""Publish approved objectives"", ""Notify section leads of changes""]",2026-06-28T10:02:12+00:00,2026-06-28T10:02:12+00:00
,Strategy Meeting,45,"[""Situation analysis"", ""Strategic alternatives"", ""Constraints"", ""Recommended direction""]","[""Incident Commander"", ""Operations Section Chief"", ""Planning Section Chief""]","[""Safety Officer"", ""Intel/Investigations Supervisor""]",,,,True,True,strategy-meeting,"[""Gather field intelligence"", ""Review command emphasis""]","[""Compare strategic options"", ""Select recommended strategy""]","[""Route strategy decisions"", ""Prepare tactics input""]",2026-06-28T10:02:12+00:00,2026-06-28T10:02:12+00:00
,Command and General Staff Meeting,60,"[""Commander's intent"", ""Section updates"", ""Constraints"", ""Open decisions""]","[""Incident Commander"", ""Command Staff"", ""General Staff""]","[""Technical Specialists"", ""Agency Representatives""]",,,,True,True,command-general-staff,"[""Confirm section inputs"", ""Review current objectives""]","[""Capture decisions"", ""Confirm planning timeline""]","[""Route decisions to Planning log"", ""Update action owners""]",2026-06-28T10:02:12+00:00,2026-06-28T10:02:12+00:00
,Tactics Meeting,45,"[""Objectives"", ""Tactical assignments"", ""Resource needs"", ""Safety concerns""]","[""Operations Section Chief"", ""Planning Section Chief"", ""Safety Officer""]","[""Logistics Section Chief"", ""Branch Directors""]",,,,True,True,tactics,"[""Gather situation status"", ""Review resource availability""]","[""Validate tactics"", ""Identify resource shortfalls""]","[""Send resource gaps for follow-up"", ""Update draft ICS-215 inputs""]",2026-06-28T10:02:12+00:00,2026-06-28T10:02:12+00:00
,Planning Preparation Meeting,30,"[""Timeline review"", ""Worksheet owners"", ""Data needs"", ""Open blockers""]","[""Planning Section Chief"", ""Resources Unit Leader"", ""Situation Unit Leader""]","[""Documentation Unit Leader"", ""Operations Section Chief""]",,,,True,True,planning-prep,"[""Collect current planning status"", ""Review prior action items""]","[""Assign worksheet owners"", ""Confirm planning meeting inputs""]","[""Capture deadlines"", ""Follow up on missing inputs""]",2026-06-28T10:02:12+00:00,2026-06-28T10:02:12+00:00
,Pre-Tactics Meeting,30,"[""Draft assignments"", ""Safety constraints"", ""Resource status"", ""Open questions""]","[""Operations Section Chief"", ""Planning Section Chief"", ""Situation Unit Leader""]","[""Resources Unit Leader"", ""Safety Officer""]",,,,True,True,pre-tactics-meeting,"[""Assemble current tactics draft"", ""Review current resources""]","[""Refine tactics inputs"", ""Identify issues for tactics meeting""]","[""Publish tactics draft"", ""Assign unresolved follow-ups""]",2026-06-28T10:02:12+00:00,2026-06-28T10:02:12+00:00
,Planning Meeting,60,"[""Situation review"", ""Objectives approval"", ""Plan components"", ""Deadlines""]","[""Incident Commander"", ""Planning Section Chief"", ""Operations Section Chief""]","[""Logistics Section Chief"", ""Finance/Admin Section Chief""]",,,,True,True,planning,"[""Prepare proposed objectives"", ""Compile section plan inputs""]","[""Approve objectives"", ""Confirm IAP components""]","[""Assign IAP owners"", ""Publish planning timeline changes""]",2026-06-28T10:02:12+00:00,2026-06-28T10:02:12+00:00
,IAP Preparation and Approval,60,"[""Document status"", ""Review forms set"", ""Approval issues"", ""Publication timeline""]","[""Planning Section Chief"", ""Documentation Unit Leader"", ""Incident Commander""]","[""Operations Section Chief"", ""Safety Officer"", ""Logistics Section Chief""]",,,,True,True,iap-prep-and-approval,"[""Assemble IAP components"", ""Confirm latest approved objectives""]","[""Review IAP completeness"", ""Resolve approval comments""]","[""Approve final IAP"", ""Release IAP for distribution""]",2026-06-28T10:02:12+00:00,2026-06-28T10:02:12+00:00
,Operations Briefing,30,"[""Current situation"", ""Assignments"", ""Communications"", ""Safety message""]","[""Operations Section Chief"", ""Supervisors"", ""Safety Officer""]","[""Incident Commander"", ""Liaison Officer""]",,,,True,True,operations-briefing,"[""Finalize assignment materials"", ""Confirm briefing location""]","[""Brief assignments"", ""Brief safety and communications""]","[""Record attendance"", ""Capture late changes""]",2026-06-28T10:02:12+00:00,2026-06-28T10:02:12+00:00
,Execute Plan and Assess,30,"[""Plan execution status"", ""Progress assessment"", ""Emerging issues"", ""Needed adjustments""]","[""Incident Commander"", ""Operations Section Chief"", ""Planning Section Chief""]","[""Command Staff"", ""General Staff""]",,,,True,True,execute-plan-and-assess,"[""Collect execution updates"", ""Prepare assessment points""]","[""Assess progress against objectives"", ""Identify plan adjustments""]","[""Route needed changes"", ""Update next-cycle priorities""]",2026-06-28T10:02:12+00:00,2026-06-28T10:02:12+00:00
,Safety Briefing,20,"[""Hazards"", ""Controls"", ""Emergency procedures"", ""Questions""]","[""Safety Officer"", ""Operations Supervisors""]","[""Medical Unit Leader""]",,,,True,True,safety-briefing,"[""Review current hazards"", ""Prepare safety message""]","[""Brief controls"", ""Confirm emergency procedures""]","[""Route safety items to log"", ""Update safety documentation""]",2026-06-28T10:02:12+00:00,2026-06-28T10:02:12+00:00
,Logistics Meeting,45,"[""Facilities"", ""Supply"", ""Communications"", ""Medical support"", ""Transportation""]","[""Logistics Section Chief"", ""Service Branch Director"", ""Support Branch Director""]","[""Operations Section Chief"", ""Planning Section Chief""]",,,,True,True,logistics,"[""Review open resource requests"", ""Confirm support constraints""]","[""Prioritize support needs"", ""Identify delivery blockers""]","[""Update resource request status"", ""Assign follow-up owners""]",2026-06-28T10:02:12+00:00,2026-06-28T10:02:12+00:00
,Finance/Admin Meeting,45,"[""Time"", ""Procurement"", ""Compensation/claims"", ""Cost tracking""]","[""Finance/Admin Section Chief""]","[""Logistics Section Chief"", ""Agency Representatives""]",,,,True,True,finance-admin,"[""Review cost data"", ""Collect procurement issues""]","[""Resolve approval blockers"", ""Confirm documentation needs""]","[""Route fiscal decisions"", ""Update approval queue""]",2026-06-28T10:02:12+00:00,2026-06-28T10:02:12+00:00
,Demobilization Meeting,45,"[""Release priorities"", ""Travel"", ""Accountability"", ""Documentation""]","[""Demobilization Unit Leader"", ""Planning Section Chief"", ""Logistics Section Chief""]","[""Operations Section Chief"", ""Finance/Admin Section Chief""]",,,,True,True,demobilization,"[""Review demobilization criteria"", ""Prepare release candidates""]","[""Confirm release process"", ""Identify special travel needs""]","[""Update demobilization plan"", ""Notify affected units""]",2026-06-28T10:02:12+00:00,2026-06-28T10:02:12+00:00
,Public Information Meeting,30,"[""Messages"", ""Media issues"", ""Approvals"", ""Release timing""]","[""Public Information Officer""]","[""Incident Commander"", ""Liaison Officer"", ""Agency Representatives""]",,,,True,True,public-information,"[""Collect draft messages"", ""Review approval requirements""]","[""Confirm key messages"", ""Identify rumor control needs""]","[""Route approved messages"", ""Track follow-up questions""]",2026-06-28T10:02:12+00:00,2026-06-28T10:02:12+00:00
,Air Operations Branch Meeting,30,"[""Aircraft status"", ""Mission priorities"", ""Airspace issues"", ""Safety concerns""]","[""Air Operations Branch Director"", ""Operations Section Chief""]","[""Helibase Manager"", ""Air Support Group Supervisor"", ""Safety Officer""]",,,,True,True,air-operations-branch,"[""Confirm aircraft availability"", ""Review air mission requests""]","[""Prioritize air resources"", ""Review air safety issues""]","[""Publish air assignments"", ""Route unmet requests for follow-up""]",2026-06-28T10:02:12+00:00,2026-06-28T10:02:12+00:00
,Intel/Investigations Meeting,45,"[""Current leads"", ""Information gaps"", ""Debrief priorities"", ""Collection tasks""]","[""Intel/Investigations Supervisor"", ""Planning Section Chief""]","[""Operations Section Chief"", ""Situation Unit Leader""]",,,,True,True,intel-investigations,"[""Compile lead status"", ""Gather debrief updates""]","[""Prioritize collections"", ""Assign intel follow-ups""]","[""Route significant intel"", ""Update situational products""]",2026-06-28T10:02:12+00:00,2026-06-28T10:02:12+00:00
