person_id,name,first_name,last_name,callsign,rank,home_unit,title,status,email,phone,radio_id,is_medic,notes,photo_url,emergency_primary_name,emergency_primary_relationship,emergency_primary_phone,emergency_secondary_name,emergency_secondary_relationship,emergency_secondary_phone,emergency_medical,emergency_blood_type,emergency_insurance,contact_address1,contact_address2,contact_city,contact_state,contact_zip,contact_work_phone,contact_secondary_phone,contact_pager_id,contact_notes,certifications
2,Kris Rivera,Kris,Rivera,Air-4,EMT,CAP,,available,user0@example.com,(219) 394-7459,,No,,,,,,,,,,,,,,,,,,,,,
3,Sam Rivera,Sam,Rivera,UAS-85,,CAP,,available,user1@example.com,(599) 965-1578,,No,,,,,,,,,,,,,,,,,,,,,
4,Casey Johnson,Casey,Johnson,Over-78,FF,FD,,available,user2@example.com,(704) 431-5018,,No,,,,,,,,,,,,,,,,,,,,,
5,Jordan Smith,Jordan,Smith,K9-71,EMT,CAP,,available,user3@example.com,(305) 399-5911,,No,,,,,,,,,,,,,,,,,,,,,
6,Casey Rivera,Casey,Rivera,K9-87,,CERT,,available,user4@example.com,(458) 914-5333,,No,,,,,,,,,,,,,,,,,,,,,
7,Taylor Rivera,Taylor,Rivera,Air-30,Lt,CAP,,available,user5@example.com,(529) 981-7046,,No,,,,,,,,,,,,,,,,,,,,,
8,Morgan Nguyen,Morgan,Nguyen,UAS-91,Paramedic,SO,,available,user6@example.com,(485) 551-6460,,No,,,,,,,,,,,,,,,,,,,,,
9,Morgan Garcia,Morgan,Garcia,K9-83,EMT,FD,,available,user7@example.com,(422) 630-2462,,No,,,,,,,,,,,,,,,,,,,,,
10,Drew Kim,Drew,Kim,K9-32,Sgt,CAP,,available,user8@example.com,(474) 466-6418,,No,,,,,,,,,,,,,,,,,,,,,
11,Jamie Brown,Jamie,Brown,Air-17,Sgt,CERT,,available,user9@example.com,(539) 880-1487,,No,,,,,,,,,,,,,,,,,,,,,
12,Riley Williams,Riley,Williams,Air-70,Paramedic,SAR,,available,user10@example.com,(473) 421-1799,,No,,,,,,,,,,,,,,,,,,,,,
13,Riley Brown,Riley,Brown,K9-51,EMT,FD,,available,user11@example.com,(610) 808-3278,,No,,,,,,,,,,,,,,,,,,,,,
14,Riley Brown,Riley,Brown,Team-71,FF,FD,,available,user12@example.com,(422) 805-2101,,No,,,,,,,,,,,,,,,,,,,,,
15,Riley Brown,Riley,Brown,Air-45,EMT,FD,,available,user13@example.com,(221) 309-6071,,No,,,,,,,,,,,,,,,,,,,,,
16,Jamie Hernandez,Jamie,Hernandez,Over-74,FF,FD,,available,user14@example.com,(281) 715-3607,,No,,,,,,,,,,,,,,,,,,,,,
17,Sam Garcia,Sam,Garcia,K9-7,Lt,FD,,available,user15@example.com,(824) 478-9032,,No,,,,,,,,,,,,,,,,,,,,,
18,Jamie Patel,Jamie,Patel,UAS-57,Sgt,CAP,,available,user16@example.com,(268) 268-9705,,No,,,,,,,,,,,,,,,,,,,,,
19,Shawn Smith,Shawn,Smith,Over-93,FF,CERT,,available,user17@example.com,(359) 292-7086,,No,,,,,,,,,,,,,,,,,,,,,
20,Casey Williams,Casey,Williams,Over-50,Sgt,SAR,,available,user18@example.com,(517) 339-5923,,No,,,,,,,,,,,,,,,,,,,,,
21,Casey Brown,Casey,Brown,Over-5,Lt,SAR,,available,user19@example.com,(336) 507-8345,,No,,,,,,,,,,,,,,,,,,,,,
22,Drew Patel,Drew,Patel,Team-92,FF,SAR,,available,user20@example.com,(477) 301-9035,,No,,,,,,,,,,,,,,,,,,,,,
23,Kris Smith,Kris,Smith,K9-81,Lt,CAP,,available,user21@example.com,(600) 282-5895,,No,,,,,,,,,,,,,,,,,,,,,
24,Taylor Kim,Taylor,Kim,UAS-84,Paramedic,FD,,available,user22@example.com,(911) 677-5128,,No,,,,,,,,,,,,,,,,,,,,,
25,Avery Patel,Avery,Patel,Over-4,,CAP,,available,user23@example.com,(623) 632-3459,,No,,,,,,,,,,,,,,,,,,,,,
26,Avery Davis,Avery,Davis,Over-27,FF,SO,,available,user24@example.com,(696) 651-8694,,No,,,,,,,,,,,,,,,,,,,,,
27,Kris Davis,Kris,Davis,Air-69,Lt,CAP,,available,user25@example.com,(805) 940-5613,,No,,,,,,,,,,,,,,,,,,,,,
28,Riley Patel,Riley,Patel,Air-33,FF,SO,,available,user26@example.com,(464) 385-5962,,No,,,,,,,,,,,,,,,,,,,,,
29,Avery Johnson,Avery,Johnson,UAS-46,Lt,FD,,available,user27@example.com,(896) 763-6163,,No,,,,,,,,,,,,,,,,,,,,,
30,Alex Nguyen,Alex,Nguyen,Over-37,EMT,FD,,available,user28@example.com,(342) 683-3333,,No,,,,,,,,,,,,,,,,,,,,,
31,Casey Kim,Casey,Kim,Over-68,Sgt,FD,,available,user29@example.com,(920) 790-1292,,No,,,,,,,,,,,,,,,,,,,,,
32,Casey Johnson,Casey,Johnson,UAS-94,Lt,SO,,available,user30@example.com,(450) 889-5964,,No,,,,,,,,,,,,,,,,,,,,,
33,Cameron Rivera,Cameron,Rivera,K9-88,,CERT,,available,user31@example.com,(457) 459-7562,,No,,,,,,,,,,,,,,,,,,,,,
34,Kris Kim,Kris,Kim,Air-13,Paramedic,FD,,available,user32@example.com,(671) 649-8472,,No,,,,,,,,,,,,,,,,,,,,,
35,Jordan Nguyen,Jordan,Nguyen,K9-63,Paramedic,CAP,,available,user33@example.com,(383) 320-5283,,No,,,,,,,,,,,,,,,,,,,,,
36,Alex Rivera,Alex,Rivera,Team-12,EMT,SAR,,available,alex.rivera@example.com,(734) 555-0101,,No,,,,,,,,,,,,,,,,,,,,,
37,Sam Nguyen,Sam,Nguyen,K9-07,,SAR,,available,sam.nguyen@example.com,(734) 555-0102,,No,,,,,,,,,,,,,,,,,,,,,
38,Jordan Patel,Jordan,Patel,Over-2,FF,FD,,available,j.patel@example.com,(734) 555-0103,,No,,,,,,,,,,,,,,,,,,,,,
39,Taylor Kim,Taylor,Kim,UAS-3,Lt,SO,,available,t.kim@example.com,(734) 555-0104,,No,,,,,,,,,,,,,,,,,,,,,
40,Casey Garcia,Casey,Garcia,Air-5,,CAP,,available,casey.g@example.com,(734) 555-0105,,No,,,,,,,,,,,,,,,,,,,,,
41,Alex Rivera,Alex,Rivera,Team-12,EMT,County SAR,,available,alex.rivera@example.com,(734) 555-0101,,No,,,,,,,,,,,,,,,,,,,,,
42,Sam Nguyen,Sam,Nguyen,K9-07,,County SAR,,available,sam.nguyen@example.com,(734) 555-0102,,No,,,,,,,,,,,,,,,,,,,,,
43,Jordan Patel,Jordan,Patel,Over-2,FF,FD,,available,j.patel@example.com,(734) 555-0103,,No,,,,,,,,,,,,,,,,,,,,,
44,Taylor Kim,Taylor,Kim,UAS-3,Lt,SO,,available,t.kim@example.com,(734) 555-0104,,No,,,,,,,,,,,,,,,,,,,,,
45,Casey Garcia,Casey,Garcia,Air-5,,CAP,,available,casey.g@example.com,(734) 555-0105,,No,,,,,,,,,,,,,,,,,,,,,
46,Riley Johnson,Riley,Johnson,Med-2,Paramedic,EMS,,available,r.johnson@example.com,(734) 555-0106,,No,,,,,,,,,,,,,,,,,,,,,
47,Cameron Hernandez,Cameron,Hernandez,GP-14,,County SAR,,available,cam.hdz@example.com,(734) 555-0107,,No,,,,,,,,,,,,,,,,,,,,,
48,Avery Williams,Avery,Williams,Ops-OIC,Sgt,SO,,available,avery.w@example.com,(734) 555-0108,,No,,,,,,,,,,,,,,,,,,,,,
49,Drew Brown,Drew,Brown,Log-3,,County SAR,,available,d.brown@example.com,(734) 555-0109,,No,,,,,,,,,,,,,,,,,,,,,
50,Jamie Davis,Jamie,Davis,PIO-1,,County EOC,,available,j.davis@example.com,(734) 555-0110,,No,,,,,,,,,,,,,,,,,,,,,
51,Jordan Thompson,Jordan,Thompson,UAS-45,Lt,,,available,,,,No,,,,,,,,,,,,,,,,,,,,,
52,Alex Rivera,Alex,Rivera,Team-12,EMT,County SAR,,available,alex.rivera@example.com,(734) 555-0101,,No,,,,,,,,,,,,,,,,,,,,,
53,Sam Nguyen,Sam,Nguyen,K9-07,,County SAR,,available,sam.nguyen@example.com,(734) 555-0102,,No,,,,,,,,,,,,,,,,,,,,,
54,Jordan Patel,Jordan,Patel,Over-2,FF,FD,,available,j.patel@example.com,(734) 555-0103,,No,,,,,,,,,,,,,,,,,,,,,
55,Taylor Kim,Taylor,Kim,UAS-3,Lt,SO,,available,t.kim@example.com,(734) 555-0104,,No,,,,,,,,,,,,,,,,,,,,,
56,Casey Garcia,Casey,Garcia,Air-5,,CAP,,available,casey.g@example.com,(734) 555-0105,,No,,,,,,,,,,,,,,,,,,,,,
57,Riley Johnson,Riley,Johnson,Med-2,Paramedic,EMS,,available,r.johnson@example.com,(734) 555-0106,,No,,,,,,,,,,,,,,,,,,,,,
58,Cameron Hernandez,Cameron,Hernandez,GP-14,,County SAR,,available,cam.hdz@example.com,(734) 555-0107,,No,,,,,,,,,,,,,,,,,,,,,
59,Avery Williams,Avery,Williams,Ops-OIC,Sgt,SO,,available,avery.w@example.com,(734) 555-0108,,No,,,,,,,,,,,,,,,,,,,,,
60,Drew Brown,Drew,Brown,Log-3,,County SAR,,available,d.brown@example.com,(734) 555-0109,,No,,,,,,,,,,,,,,,,,,,,,
61,Jamie Davis,Jamie,Davis,PIO-1,,County EOC,,available,j.davis@example.com,(734) 555-0110,,No,,,,,,,,,,,,,,,,,,,,,
63,Evan Shultz,Evan,Shultz,,,,,available,,,,No,,,,,,,,,,,,,,,,,,,,,
65,"Weeter, Danielle","Weeter,",Danielle,,Lieutenant Colonel,GLR-MI-277,,available,,231.342.2819,,No,,,,,,,,,,,,,,,,,,,,,
66,"Warren, Joshua","Warren,",Joshua,,Technical Flight Officer,GLR-MI-277,,available,,989-390-2061,,No,,,,,,,,,,,,,,,,,,,,,
67,Shawn Davis,Shawn,Davis,Over-44,Sgt,SAR,,available,user0@example.com,(290) 539-9722,,No,,,,,,,,,,,,,,,,,,,,,
68,Drew Davis,Drew,Davis,UAS-69,EMT,CAP,,available,user1@example.com,(861) 773-9035,,No,,,,,,,,,,,,,,,,,,,,,
69,Riley Hernandez,Riley,Hernandez,Over-21,Paramedic,SAR,,available,user2@example.com,(238) 355-5133,,No,,,,,,,,,,,,,,,,,,,,,
70,Sam Martinez,Sam,Martinez,Over-29,FF,CERT,,available,user3@example.com,(596) 915-1238,,No,,,,,,,,,,,,,,,,,,,,,
71,Kris Martinez,Kris,Martinez,Over-76,Lt,CERT,,available,user4@example.com,(592) 616-5606,,No,,,,,,,,,,,,,,,,,,,,,
72,Kris Smith,Kris,Smith,Team-15,,CAP,,available,user5@example.com,(255) 587-8867,,No,,,,,,,,,,,,,,,,,,,,,
73,Shawn Patel,Shawn,Patel,K9-18,,CERT,,available,user6@example.com,(738) 526-4989,,No,,,,,,,,,,,,,,,,,,,,,
74,Casey Johnson,Casey,Johnson,Team-27,Lt,CAP,,available,user7@example.com,(611) 986-9223,,No,,,,,,,,,,,,,,,,,,,,,
75,Taylor Williams,Taylor,Williams,Team-40,EMT,SAR,,available,user8@example.com,(883) 597-3745,,No,,,,,,,,,,,,,,,,,,,,,
76,Shawn Johnson,Shawn,Johnson,UAS-43,Sgt,CERT,,available,user9@example.com,(980) 336-4512,,No,,,,,,,,,,,,,,,,,,,,,
77,Cameron Hernandez,Cameron,Hernandez,Air-17,Sgt,SO,,available,user10@example.com,(501) 914-4842,,No,,,,,,,,,,,,,,,,,,,,,
78,Jordan Nguyen,Jordan,Nguyen,Over-26,,CERT,,available,user11@example.com,(463) 569-3127,,No,,,,,,,,,,,,,,,,,,,,,
79,Jordan Garcia,Jordan,Garcia,K9-79,Sgt,CAP,,available,user12@example.com,(647) 351-3338,,No,,,,,,,,,,,,,,,,,,,,,
80,Alex Smith,Alex,Smith,UAS-50,,FD,,available,user13@example.com,(723) 812-2977,,No,,,,,,,,,,,,,,,,,,,,,
81,Shawn Hernandez,Shawn,Hernandez,Team-90,EMT,SO,,available,user14@example.com,(288) 692-7117,,No,,,,,,,,,,,,,,,,,,,,,
82,Casey Davis,Casey,Davis,UAS-46,Paramedic,CERT,,available,user15@example.com,(717) 739-4698,,No,,,,,,,,,,,,,,,,,,,,,
83,Casey Nguyen,Casey,Nguyen,Air-67,Sgt,CERT,,available,user16@example.com,(424) 818-8844,,No,,,,,,,,,,,,,,,,,,,,,
84,Morgan Davis,Morgan,Davis,Over-71,FF,SAR,,available,user17@example.com,(725) 835-2266,,No,,,,,,,,,,,,,,,,,,,,,
85,Drew Nguyen,Drew,Nguyen,K9-39,Paramedic,CERT,,available,user18@example.com,(541) 714-1291,,No,,,,,,,,,,,,,,,,,,,,,
86,Drew Garcia,Drew,Garcia,Air-19,Sgt,FD,,available,user19@example.com,(279) 568-4223,,No,,,,,,,,,,,,,,,,,,,,,
87,Sam Kim,Sam,Kim,Over-39,Lt,SAR,,available,user20@example.com,(907) 467-6798,,No,,,,,,,,,,,,,,,,,,,,,
88,Avery Hernandez,Avery,Hernandez,Air-67,Lt,SAR,,available,user21@example.com,(456) 857-5907,,No,,,,,,,,,,,,,,,,,,,,,
89,Taylor Davis,Taylor,Davis,Team-89,Lt,CAP,,available,user22@example.com,(864) 489-9124,,No,,,,,,,,,,,,,,,,,,,,,
90,Morgan Hernandez,Morgan,Hernandez,K9-82,FF,SAR,,available,user23@example.com,(536) 503-3003,,No,,,,,,,,,,,,,,,,,,,,,
91,Drew Martinez,Drew,Martinez,K9-91,Paramedic,SO,,available,user24@example.com,(287) 337-7378,,No,,,,,,,,,,,,,,,,,,,,,
92,Shawn Nguyen,Shawn,Nguyen,Over-91,EMT,SO,,available,user25@example.com,(800) 986-7343,,No,,,,,,,,,,,,,,,,,,,,,
93,Casey Nguyen,Casey,Nguyen,UAS-54,Lt,SO,,available,user26@example.com,(606) 392-5354,,No,,,,,,,,,,,,,,,,,,,,,
94,Jamie Nguyen,Jamie,Nguyen,Air-73,EMT,SO,,available,user27@example.com,(735) 791-8516,,No,,,,,,,,,,,,,,,,,,,,,
95,Riley Hernandez,Riley,Hernandez,Team-40,EMT,SO,,available,user28@example.com,(510) 306-4335,,No,,,,,,,,,,,,,,,,,,,,,
96,Sam Kim,Sam,Kim,K9-47,FF,CAP,,available,user29@example.com,(619) 265-1461,,No,,,,,,,,,,,,,,,,,,,,,
97,Drew Hernandez,Drew,Hernandez,Over-68,Sgt,CERT,,available,user30@example.com,(860) 594-9041,,No,,,,,,,,,,,,,,,,,,,,,
98,Jamie Brown,Jamie,Brown,Air-1,Lt,CAP,,available,user31@example.com,(553) 278-2142,,No,,,,,,,,,,,,,,,,,,,,,
99,Casey Kim,Casey,Kim,K9-41,Lt,CERT,,available,user32@example.com,(676) 556-7786,,No,,,,,,,,,,,,,,,,,,,,,
100,Drew Johnson,Drew,Johnson,UAS-11,,SAR,,available,user33@example.com,(942) 882-8210,,No,,,,,,,,,,,,,,,,,,,,,
101,Jamie Davis,Jamie,Davis,Over-93,Sgt,FD,,available,user34@example.com,(495) 490-3219,,No,,,,,,,,,,,,,,,,,,,,,
102,Alex Patel,Alex,Patel,Team-7,Lt,CAP,,available,user35@example.com,(469) 357-7406,,No,,,,,,,,,,,,,,,,,,,,,
103,Shawn Garcia,Shawn,Garcia,K9-96,Sgt,SO,,available,user36@example.com,(472) 270-2447,,No,,,,,,,,,,,,,,,,,,,,,
104,Riley Nguyen,Riley,Nguyen,K9-16,Sgt,FD,,available,user37@example.com,(491) 630-9972,,No,,,,,,,,,,,,,,,,,,,,,
105,Avery Williams,Avery,Williams,UAS-96,Paramedic,CAP,,available,user38@example.com,(463) 933-3946,,No,,,,,,,,,,,,,,,,,,,,,
106,Shawn Davis,Shawn,Davis,Team-93,FF,CAP,,available,user39@example.com,(594) 809-2315,,No,,,,,,,,,,,,,,,,,,,,,
107,Casey Rivera,Casey,Rivera,Air-36,Paramedic,CERT,,available,user40@example.com,(394) 670-7063,,No,,,,,,,,,,,,,,,,,,,,,
108,Sam Williams,Sam,Williams,Air-5,EMT,FD,,available,user41@example.com,(685) 334-7044,,No,,,,,,,,,,,,,,,,,,,,,
109,Jordan Hernandez,Jordan,Hernandez,Air-90,Paramedic,SO,,available,user42@example.com,(398) 313-8336,,No,,,,,,,,,,,,,,,,,,,,,
110,Riley Nguyen,Riley,Nguyen,Team-82,,SAR,,available,user43@example.com,(572) 847-1957,,No,,,,,,,,,,,,,,,,,,,,,
111,Jamie Davis,Jamie,Davis,K9-37,Lt,SAR,,available,user44@example.com,(759) 874-7824,,No,,,,,,,,,,,,,,,,,,,,,
112,Casey Brown,Casey,Brown,UAS-32,FF,CAP,,available,user45@example.com,(903) 379-3971,,No,,,,,,,,,,,,,,,,,,,,,
113,Cameron Johnson,Cameron,Johnson,UAS-87,Paramedic,SO,,available,user46@example.com,(780) 250-7112,,No,,,,,,,,,,,,,,,,,,,,,
114,Sam Smith,Sam,Smith,Team-4,FF,FD,,available,user47@example.com,(765) 675-2685,,No,,,,,,,,,,,,,,,,,,,,,
115,Morgan Hernandez,Morgan,Hernandez,Team-21,Paramedic,SAR,,available,m.hernandez@example.com,(517) 555-0101,,No,,,,,,,,,,,,,,,,,,,,,
116,Kris Smith,Kris,Smith,K9-11,,SAR,,available,k.smith@example.com,(517) 555-0102,,No,,,,,,,,,,,,,,,,,,,,,
117,Drew Johnson,Drew,Johnson,UAS-2,Sgt,SO,,available,d.johnson@example.com,(517) 555-0103,,No,,,,,,,,,,,,,,,,,,,,,
118,Avery Williams,Avery,Williams,Over-3,,FD,,available,a.williams@example.com,(517) 555-0104,,No,,,,,,,,,,,,,,,,,,,,,
119,Morgan Hernandez,Morgan,Hernandez,Team-21,Paramedic,County SAR,,available,m.hernandez@example.com,(517) 555-0101,,No,,,,,,,,,,,,,,,,,,,,,
120,Kris Smith,Kris,Smith,K9-11,,County SAR,,available,k.smith@example.com,(517) 555-0102,,No,,,,,,,,,,,,,,,,,,,,,
121,Drew Johnson,Drew,Johnson,UAS-2,Sgt,SO,,available,d.johnson@example.com,(517) 555-0103,,No,,,,,,,,,,,,,,,,,,,,,
122,Avery Williams,Avery,Williams,Over-3,,FD,,available,a.williams@example.com,(517) 555-0104,,No,,,,,,,,,,,,,,,,,,,,,
123,Cameron Lee,Cameron,Lee,Team-22,,County SAR,,available,c.lee@example.com,(517) 555-0105,,No,,,,,,,,,,,,,,,,,,,,,
124,Avery Patel,Avery,Patel,Over-35,Paramedic,SAR,,available,user0@example.com,(681) 505-2436,,No,,,,,,,,,,,,,,,,,,,,,
125,Casey Davis,Casey,Davis,Air-97,EMT,CAP,,available,user1@example.com,(915) 388-8763,,No,,,,,,,,,,,,,,,,,,,,,
126,Avery Hernandez,Avery,Hernandez,K9-2,Sgt,CERT,,available,user2@example.com,(702) 317-6187,,No,,,,,,,,,,,,,,,,,,,,,
127,Alex Hernandez,Alex,Hernandez,UAS-8,FF,CAP,,available,user3@example.com,(874) 971-7385,,No,,,,,,,,,,,,,,,,,,,,,
128,Casey Rivera,Casey,Rivera,Over-66,FF,FD,,available,user4@example.com,(306) 755-2368,,No,,,,,,,,,,,,,,,,,,,,,
129,Jordan Garcia,Jordan,Garcia,Over-86,,FD,,available,user5@example.com,(441) 624-2295,,No,,,,,,,,,,,,,,,,,,,,,
130,Avery Garcia,Avery,Garcia,Air-41,,SO,,available,user6@example.com,(221) 463-8483,,No,,,,,,,,,,,,,,,,,,,,,
131,Avery Rivera,Avery,Rivera,K9-25,Paramedic,SO,,available,user7@example.com,(363) 951-8046,,No,,,,,,,,,,,,,,,,,,,,,
132,Alex Johnson,Alex,Johnson,Over-25,FF,SO,,available,user8@example.com,(323) 292-3170,,No,,,,,,,,,,,,,,,,,,,,,
133,Taylor Kim,Taylor,Kim,UAS-56,,FD,,available,user9@example.com,(678) 381-2562,,No,,,,,,,,,,,,,,,,,,,,,
134,Shawn Smith,Shawn,Smith,Team-87,Paramedic,CERT,,available,user10@example.com,(588) 855-1045,,No,,,,,,,,,,,,,,,,,,,,,
135,Shawn Martinez,Shawn,Martinez,UAS-35,EMT,FD,,available,user11@example.com,(410) 343-6329,,No,,,,,,,,,,,,,,,,,,,,,
136,Alex Brown,Alex,Brown,K9-74,EMT,SO,,available,user12@example.com,(740) 687-7362,,No,,,,,,,,,,,,,,,,,,,,,
137,Shawn Kim,Shawn,Kim,Air-60,Paramedic,SAR,,available,user13@example.com,(376) 368-6028,,No,,,,,,,,,,,,,,,,,,,,,
138,Riley Brown,Riley,Brown,UAS-63,Paramedic,CAP,,available,user14@example.com,(369) 651-5905,,No,,,,,,,,,,,,,,,,,,,,,
139,Jordan Johnson,Jordan,Johnson,Over-61,Lt,SAR,,available,user15@example.com,(349) 546-1473,,No,,,,,,,,,,,,,,,,,,,,,
140,Avery Davis,Avery,Davis,Over-21,Paramedic,FD,,available,user16@example.com,(939) 246-6686,,No,,,,,,,,,,,,,,,,,,,,,
141,Casey Williams,Casey,Williams,K9-98,FF,FD,,available,user17@example.com,(368) 479-3334,,No,,,,,,,,,,,,,,,,,,,,,
142,Casey Garcia,Casey,Garcia,UAS-91,EMT,FD,,available,user18@example.com,(335) 958-9719,,No,,,,,,,,,,,,,,,,,,,,,
143,Jamie Williams,Jamie,Williams,Over-57,Lt,SAR,,available,user19@example.com,(874) 239-7301,,No,,,,,,,,,,,,,,,,,,,,,
144,Riley Rivera,Riley,Rivera,K9-64,Sgt,SO,,available,user20@example.com,(845) 824-3417,,No,,,,,,,,,,,,,,,,,,,,,
145,Jordan Garcia,Jordan,Garcia,Team-69,EMT,CERT,,available,user21@example.com,(278) 449-4343,,No,,,,,,,,,,,,,,,,,,,,,
146,Shawn Rivera,Shawn,Rivera,Over-77,EMT,SAR,,available,user22@example.com,(632) 823-8414,,No,,,,,,,,,,,,,,,,,,,,,
147,Morgan Hernandez,Morgan,Hernandez,Team-88,EMT,SO,,available,user23@example.com,(766) 675-4890,,No,,,,,,,,,,,,,,,,,,,,,
148,Jamie Johnson,Jamie,Johnson,Team-92,FF,SO,,available,user24@example.com,(967) 766-4669,,No,,,,,,,,,,,,,,,,,,,,,
149,Morgan Kim,Morgan,Kim,Team-53,FF,SO,,available,user25@example.com,(447) 750-8732,,No,,,,,,,,,,,,,,,,,,,,,
150,Morgan Johnson,Morgan,Johnson,UAS-36,,SO,,available,user26@example.com,(244) 833-9810,,No,,,,,,,,,,,,,,,,,,,,,
151,Taylor Nguyen,Taylor,Nguyen,UAS-95,Sgt,CERT,,available,user27@example.com,(452) 227-5217,,No,,,,,,,,,,,,,,,,,,,,,
152,Kris Hernandez,Kris,Hernandez,Team-63,EMT,SAR,,available,user28@example.com,(669) 728-2457,,No,,,,,,,,,,,,,,,,,,,,,
153,Shawn Davis,Shawn,Davis,UAS-13,EMT,SAR,,available,user29@example.com,(599) 264-1421,,No,,,,,,,,,,,,,,,,,,,,,
154,Jamie Nguyen,Jamie,Nguyen,Team-45,Sgt,SAR,,available,user30@example.com,(499) 978-1854,,No,,,,,,,,,,,,,,,,,,,,,
155,Avery Davis,Avery,Davis,Air-49,Lt,FD,,available,user31@example.com,(985) 773-9100,,No,,,,,,,,,,,,,,,,,,,,,
156,Morgan Hernandez,Morgan,Hernandez,UAS-12,EMT,CAP,,available,user32@example.com,(780) 303-1177,,No,,,,,,,,,,,,,,,,,,,,,
157,Riley Brown,Riley,Brown,Team-66,Paramedic,SO,,available,user33@example.com,(317) 360-5407,,No,,,,,,,,,,,,,,,,,,,,,
158,Alex Davis,Alex,Davis,UAS-89,FF,CAP,,available,user34@example.com,(228) 381-9052,,No,,,,,,,,,,,,,,,,,,,,,
159,Taylor Nguyen,Taylor,Nguyen,Team-68,Sgt,SAR,,available,user35@example.com,(847) 549-4127,,No,,,,,,,,,,,,,,,,,,,,,
160,Kris Garcia,Kris,Garcia,Air-8,,FD,,available,user36@example.com,(519) 276-8903,,No,,,,,,,,,,,,,,,,,,,,,
161,Casey Hernandez,Casey,Hernandez,Team-8,Lt,CAP,,available,user37@example.com,(981) 604-4463,,No,,,,,,,,,,,,,,,,,,,,,
162,Morgan Davis,Morgan,Davis,Air-73,Paramedic,SAR,,available,user38@example.com,(605) 442-7233,,No,,,,,,,,,,,,,,,,,,,,,
163,Sam Johnson,Sam,Johnson,K9-83,Sgt,SO,,available,user39@example.com,(897) 266-9419,,No,,,,,,,,,,,,,,,,,,,,,
164,Riley Garcia,Riley,Garcia,Air-26,Lt,SAR,,available,user40@example.com,(319) 551-4695,,No,,,,,,,,,,,,,,,,,,,,,
165,Jordan Brown,Jordan,Brown,K9-57,Lt,SO,,available,user41@example.com,(384) 200-6167,,No,,,,,,,,,,,,,,,,,,,,,
166,Avery Kim,Avery,Kim,Over-15,Lt,CAP,,available,user42@example.com,(848) 864-3460,,No,,,,,,,,,,,,,,,,,,,,,
167,Taylor Nguyen,Taylor,Nguyen,K9-16,Paramedic,FD,,available,user43@example.com,(442) 483-3290,,No,,,,,,,,,,,,,,,,,,,,,
168,Morgan Garcia,Morgan,Garcia,Air-50,Lt,CERT,,available,user44@example.com,(679) 716-7243,,No,,,,,,,,,,,,,,,,,,,,,
169,Avery Kim,Avery,Kim,Team-73,EMT,FD,,available,user45@example.com,(798) 749-5088,,No,,,,,,,,,,,,,,,,,,,,,
170,Morgan Davis,Morgan,Davis,Team-64,Lt,SAR,,available,user46@example.com,(418) 987-8334,,No,,,,,,,,,,,,,,,,,,,,,
171,Morgan Johnson,Morgan,Johnson,Team-2,Paramedic,SO,,available,user47@example.com,(918) 323-8901,,No,,,,,,,,,,,,,,,,,,,,,
172,Riley Brown,Riley,Brown,UAS-79,Sgt,SO,,available,user48@example.com,(947) 584-2010,,No,,,,,,,,,,,,,,,,,,,,,
173,Casey Garcia,Casey,Garcia,Team-24,,FD,,available,user49@example.com,(263) 556-2935,,No,,,,,,,,,,,,,,,,,,,,,
174,Cameron Brown,Cameron,Brown,Team-05,EMT,SAR,,available,c.brown@example.com,(906) 555-0101,,No,,,,,,,,,,,,,,,,,,,,,
175,Shawn Davis,Shawn,Davis,Air-3,,CAP,,available,s.davis@example.com,(906) 555-0102,,No,,,,,,,,,,,,,,,,,,,,,
176,Avery Martinez,Avery,Martinez,Over-7,Lt,FD,,available,a.martinez@example.com,(906) 555-0103,,No,,,,,,,,,,,,,,,,,,,,,
177,seed,seed,,,,,,available,,,,No,,,,,,,,,,,,,,,,,,,,,
178,Cameron Brown,Cameron,Brown,Team-05,EMT,County SAR,,available,c.brown@example.com,(906) 555-0101,,No,,,,,,,,,,,,,,,,,,,,,
179,Shawn Davis,Shawn,Davis,Air-3,,CAP,,available,s.davis@example.com,(906) 555-0102,,No,,,,,,,,,,,,,,,,,,,,,
180,Avery Martinez,Avery,Martinez,Over-7,Lt,FD,,available,a.martinez@example.com,(906) 555-0103,,No,,,,,,,,,,,,,,,,,,,,,
181,Riley Thompson,Riley,Thompson,GP-22,,County SAR,,available,r.thompson@example.com,(906) 555-0104,,No,,,,,,,,,,,,,,,,,,,,,
182,David Cotton,David,Cotton,RR206,Lt. Col.,GLR-MI-183,,available,,313-410-8562,,No,,,,,,,,,,,,,,,,,,,,,
183,Dan Thompson,Dan,Thompson,RR198,Lt. Col.,GLR-MI-059,,available,,517-605-2837,,No,,,,,,,,,,,,,,,,,,,,,
184,Derek Cole,Derek,Cole,,1st Lt,GLR-MI-063,,available,,734-799-2342,,No,,,,,,,,,,,,,,,,,,,,,
185,Matthew Thompson,Matthew,Thompson,RR181,Maj.,GLR-MI-063,,available,,734-309-5189,,No,,,,,,,,,,,,,,,,,,,,,
405021,Brendan Pheley,Brendan,Pheley,RR283,Capt.,MI-214 Jackson Composite Squadron,,available,bpheley@mi214cap.org,517-554-0085,,Yes,,,,,,,,,,,,4054 Horton Road,,Jackson,MI,49201,,,,,IS-100:1; IS-200:1; ICS-300:1; ICS-400:1; IS-700:1; IS-800:1; EMT-P:1; SARTECH IV:2; SARTECH III:2; MSA:1; PSC:1; LSC:1; OSC:1; MRO:1; GTM3:1; GTM2:1; GTM1:1; GTL:1; GBD:1; UDF:2
187,Danielle Weeter,Danielle,Weeter,RR252,Lt. Col.,GLR-MI-277,,available,,231.342.2819,,No,,,,,,,,,,,,,,,,,,,,,
188,Peter Tinsey,Peter,Tinsey,,Maj,GLR-MI-701,,available,,810-242-2565,,No,,,,,,,,,,,,,,,,,,,,,
189,Lynn LeAnnais,Lynn,LeAnnais,RR255,Maj.,GLR-MI-183,,available,,248-506-1529,,No,,,,,,,,,,,,,,,,,,,,,
190,Pete Smith,Pete,Smith,,1st Lt,GLR-MI-059,,available,,231-620-9466,,No,,,,,,,,,,,,,,,,,,,,,
191,Keegan Bowden,Keegan,Bowden,,Capt,GLR-OH-037,,available,,937-829-2619,,No,,,,,,,,,,,,,,,,,,,,,
192,James Thomas,James,Thomas,,C/Lt. Col.,GLR-MI-176,,available,,586-206-0040,,No,,,,,,,,,,,,,,,,,,,,,
193,Owen Young,Owen,Young,,Capt,GLR-MI-007,,available,,810-220-9884,,No,,,,,,,,,,,,,,,,,,,,,
194,Evan Shultz,Evan,Shultz,,C/Lt Col,GLR-MI-007,,available,,517-294-6753,,No,,,,,,,,,,,,,,,,,,,,,
195,Tyler Faust,Tyler,Faust,,1st Lt,GLR-MI-248,,available,,631-637-4933,,No,,,,,,,,,,,,,,,,,,,,,
196,Jasmine Haertel,Jasmine,Haertel,,C/2nd Lt.,GLR-MI-277,,available,,989-387-7899,,No,,,,,,,,,,,,,,,,,,,,,
197,Joshua Warren,Joshua,Warren,,SM,GLR-MI-277,,available,,989-390-2061,,No,,,,,,,,,,,,,,,,,,,,,
198,Tyler Bielak,Tyler,Bielak,,C/Maj,GLR-MI-063,,available,,313-949-7159,,No,,,,,,,,,,,,,,,,,,,,,
199,Caden Castle,Caden,Castle,,C/2nd Lt.,MI-214 Jackson Composite Squadron,,available,,517-474-5163,,No,,,,,,,,,,,,,,,,,,,,,
200,Jamie Bilkey,Jamie,Bilkey,,1st Lt,GLR-MI-131,,available,,231-360-6999,,No,,,,,,,,,,,,,,,,,,,,,
201,Nikko Theodorou,Nikko,Theodorou,,C/1st Lt,GLR-OH-016,,available,,419-470-9581,,No,,,,,,,,,,,,,,,,,,,,,
202,Israel Burgess,Israel,Burgess,,Capt,GLR-MI-277,,available,,989-259-8385,,No,,,,,,,,,,,,,,,,,,,,,
203,Kate Nickols,Kate,Nickols,,C/CMSgt,GLR-MI-094,,available,,,,No,,,,,,,,,,,,,,,,,,,,,
204,Hayden Jury,Hayden,Jury,,C/2nd Lt.,GLR-MI-131,,available,,231-360-9205,,No,,,,,,,,,,,,,,,,,,,,,
205,Catherine Castle,Catherine,Castle,,1st Lt,MI-214 Jackson Composite Squadron,,available,,517-250-1625,,No,,,,,,,,,,,,,,,,,,,,,
206,Newsome Emma,Newsome,Emma,,Capt,GLR-MI-260,,available,,734-770-6505,,No,,,,,,,,,,,,,,,,,,,,,
682428,Bryan Kano,Bryan,Kano,,FO,MI-395 Hillsdale Composite Squadron,,available,,702-239-1081,,No,,,,,,,,,,,,,,,,,,,,,UDF:1
208,Owen Naujock,Owen,Naujock,,C/1st Lt,GLR-OH-016,,available,,419-260-3984,,No,,,,,,,,,,,,,,,,,,,,,
209,Jack Eberhart,Jack,Eberhart,,C/2nd Lt.,GLR-MI-260,,available,,734-661-9494,,No,,,,,,,,,,,,,,,,,,,,,
210,Alyssa Naylor,Alyssa,Naylor,,C/CMSgt,GLR-MI-202,,available,,248-974-0265,,No,,,,,,,,,,,,,,,,,,,,,
211,Don Chamberlin,Don,Chamberlin,,C/2nd Lt.,GLR-MI-437,,available,,248-238-6295,,No,,,,,,,,,,,,,,,,,,,,,
212,Alexander Roa-Garcia,Alexander,Roa-Garcia,,C/1st Lt,GLR-MI-063,,available,,734-755-4992,,No,,,,,,,,,,,,,,,,,,,,,
213,Elijah DeWall,Elijah,DeWall,,C/2nd Lt.,GLR-MI-437,,available,,947-233-0959,,No,,,,,,,,,,,,,,,,,,,,,
214,Benjamin Weber,Benjamin,Weber,,C/Capt,GLR-MI-260,,available,,734-664-2305,,No,,,,,,,,,,,,,,,,,,,,,
215,Chase Diehl,Chase,Diehl,,C/2nd Lt.,GLR-MI-059,,available,,517-918-3229,,No,,,,,,,,,,,,,,,,,,,,,
216,Frank Boyd,Frank,Boyd,,1st Lt,GLR-MI-655,,available,,734-260-5432,,No,,,,,,,,,,,,,,,,,,,,,
217,Gunnar Sawyer,Gunnar,Sawyer,,C/2nd Lt.,GLR-MI-265,,available,,616-333-9235,,No,,,,,,,,,,,,,,,,,,,,,
218,Celia Plattenberger,Celia,Plattenberger,,C/2nd Lt.,GLR-MI-202,,available,,248-499-0361,,No,,,,,,,,,,,,,,,,,,,,,
219,Sebastian Jurzyk,Sebastian,Jurzyk,,C/CMSgt,GLR-MI-238,,available,,734-356-0847,,No,,,,,,,,,,,,,,,,,,,,,
220,AnnaBelle Burgess,AnnaBelle,Burgess,,C/2nd Lt.,GLR-MI-277,,available,,989-737-7120,,No,,,,,,,,,,,,,,,,,,,,,
221,Clark Dupon,Clark,Dupon,,C/CMSgt,GLR-MI-202,,available,,586-551-8338,,No,,,,,,,,,,,,,,,,,,,,,
222,Jaydan Treat,Jaydan,Treat,,C/CMSgt,GLR-MI-250,,available,,269-601-6311,,No,,,,,,,,,,,,,,,,,,,,,
223,Edmund Philo,Edmund,Philo,,C/2nd Lt.,GLR-MI-135,,available,,269-615-5582,,No,,,,,,,,,,,,,,,,,,,,,
701718,Annalynn Summers,Annalynn,Summers,,Cadet,MI-059 Adrian Composite Squadron,,available,,517-920-1889,,No,,,,,,,,,,,,,,,,,,,,,GTM3:1; UDF:2
225,Macy Snow,Macy,Snow,,C/CMSgt,GLR-MI-063,,available,,734-875-1730,,No,,,,,,,,,,,,,,,,,,,,,
226,Benjamin Watters,Benjamin,Watters,,C/2nd Lt.,GLR-MI-063,,available,,734-735-7815,,No,,,,,,,,,,,,,,,,,,,,,
227,Josiah Hambleton,Josiah,Hambleton,,C/1st Lt,GLR-MI-395,,available,,517.398.7321,,No,,,,,,,,,,,,,,,,,,,,,
228,Joseph Duff,Joseph,Duff,,C/2nd Lt.,GLR-MI-011,,available,,810-305-1379,,No,,,,,,,,,,,,,,,,,,,,,
229,Connor Krause,Connor,Krause,,C/A1C,GLR-MI-176,,available,,586-216-6178,,No,,,,,,,,,,,,,,,,,,,,,
230,Trenton Lytle,Trenton,Lytle,,C/SMSgt,GLR-MI-176,,available,,810-751-0009,,No,,,,,,,,,,,,,,,,,,,,,
231,Wesley Pough,Wesley,Pough,,C/SMSgt,GLR-MI-176,,available,,,,No,,,,,,,,,,,,,,,,,,,,,
232,Michelle Castle,Michelle,Castle,,2nd Lt.,MI-214 Jackson Composite Squadron,,available,,517-769-4579,,No,,,,,,,,,,,,,,,,,,,,,
233,Noah George,Noah,George,,C/CMSgt,GLR-MI-265,,available,,616-558-8335,,No,,,,,,,,,,,,,,,,,,,,,
234,Adam Selik,Adam,Selik,,C/2nd Lt.,GLR-MI-183,,available,,248-494-6373,,No,,,,,,,,,,,,,,,,,,,,,
235,Caitlynn Castle,Caitlynn,Castle,,C/TSgt,MI-214 Jackson Composite Squadron,,available,,517-769-4579,,No,,,,,,,,,,,,,,,,,,,,,
236,Gavin Shaffer,Gavin,Shaffer,,C/SMSgt,GLR-MI-395,,available,,517-306-7932,,No,,,,,,,,,,,,,,,,,,,,,
237,Lily Smith,Lily,Smith,,C/SMSgt,GLR-MI-059,,available,,517-605-6975,,No,,,,,,,,,,,,,,,,,,,,,
238,Colton Seger,Colton,Seger,,C/2nd Lt.,GLR-MI-265,,available,,616-236-9404,,No,,,,,,,,,,,,,,,,,,,,,
239,Justin Buning,Justin,Buning,,C/SSgt,GLR-MI-075,,available,,517-449-9409,,No,,,,,,,,,,,,,,,,,,,,,
240,Ava Ulberg,Ava,Ulberg,,C/2nd Lt.,GLR-MI-015,,available,,269-491-6423,,No,,,,,,,,,,,,,,,,,,,,,
241,Riley Kilbreath,Riley,Kilbreath,,C/TSgt,GLR-MI-075,,available,,810-265-9735,,No,,,,,,,,,,,,,,,,,,,,,
242,Hudson Sanford,Hudson,Sanford,,C/SrA,GLR-MI-075,,available,,810-618-2508,,No,,,,,,,,,,,,,,,,,,,,,
243,Laina Todd,Laina,Todd,,C/CMSgt,GLR-MI-015,,available,,269-985-8184,,No,,,,,,,,,,,,,,,,,,,,,
244,Conner Lipke,Conner,Lipke,,C/SSgt,GLR-MI-437,,available,,734-210-9374,,No,,,,,,,,,,,,,,,,,,,,,
245,Connor Marinelli,Connor,Marinelli,,C/SrA,GLR-MI-094,,available,,231-878-0913,,No,,,,,,,,,,,,,,,,,,,,,
246,Piper Morse,Piper,Morse,,C/SSgt,GLR-MI-176,,available,,586-914-5747,,No,,,,,,,,,,,,,,,,,,,,,
247,Emery Burdick,Emery,Burdick,,C/CMSgt,GLR-MI-260,,available,,734-460-7623,,No,,,,,,,,,,,,,,,,,,,,,
248,Abigail Dunn,Abigail,Dunn,,C/CMSgt,MI-007 Livingston Composite Squadron,,available,,248-222-0852,,No,,,,,,,,,,,,,,,,,,,,,
249,Eva Abraham,Eva,Abraham,,C/MSgt,GLR-MI-437,,available,,248-444-9912,,No,,,,,,,,,,,,,,,,,,,,,
250,Tiffany Demski,Tiffany,Demski,,C/SrA,GLR-MI-176,,available,,586-909-1329,,No,,,,,,,,,,,,,,,,,,,,,
251,Ella Casto,Ella,Casto,,C/SrA,GLR-MI-176,,available,,586-208-4267,,No,,,,,,,,,,,,,,,,,,,,,
252,Austin Riley,Austin,Riley,,C/TSgt,GLR-MI-262,,available,,586-747-9750,,No,,,,,,,,,,,,,,,,,,,,,
253,Jax Fowler,Jax,Fowler,,C/A1C,GLR-MI-094,,available,,231-878-8050,,No,,,,,,,,,,,,,,,,,,,,,
254,Tristan Fenner,Tristan,Fenner,,C/SSgt,GLR-MI-094,,available,,231-878-0539,,No,,,,,,,,,,,,,,,,,,,,,
255,Kierceson Pego,Kierceson,Pego,,C/SMSgt,GLR-MI-119,,available,,231-923-0043,,No,,,,,,,,,,,,,,,,,,,,,
256,Karen Shaffer,Karen,Shaffer,,SM,GLR-MI-395,,available,,517-366-0241,,No,,,,,,,,,,,,,,,,,,,,,
257,Dresden Dunkley,Dresden,Dunkley,,C/A1C,GLR-MI-257,,available,,517-614-0433,,No,,,,,,,,,,,,,,,,,,,,,
258,Karis Hlacka,Karis,Hlacka,,C/SrA,GLR-MI-059,,available,,517-409-0306,,No,,,,,,,,,,,,,,,,,,,,,
259,Paisley Morse,Paisley,Morse,,C/SrA,GLR-MI-176,,available,,248-875-8911,,No,,,,,,,,,,,,,,,,,,,,,
260,Kal Harman,Kal,Harman,,C/A1C,GLR-MI-063,,available,,734-510-9841,,No,,,,,,,,,,,,,,,,,,,,,
261,Malakai Speers,Malakai,Speers,,C/SrA,GLR-MI-257,,available,,808-419-8479,,No,,,,,,,,,,,,,,,,,,,,,
262,Garrett Kissel,Garrett,Kissel,,C/2nd Lt.,GLR-MI-655,,available,,734-218-6924,,No,,,,,,,,,,,,,,,,,,,,,
263,Liam Scriber,Liam,Scriber,,C/SSgt,GLR-MI-395,,available,,517-677-6297,,No,,,,,,,,,,,,,,,,,,,,,
264,Summer Gulley,Summer,Gulley,,C/TSgt,GLR-MI-063,,available,,734-790-2138,,No,,,,,,,,,,,,,,,,,,,,,
265,Keaton Daenzer,Keaton,Daenzer,,C/SSgt,GLR-MI-011,,available,,586-557-2014,,No,,,,,,,,,,,,,,,,,,,,,
266,Kaieliana Schumacher,Kaieliana,Schumacher,,C/SrA,GLR-MI-059,,available,,517 438 4458,,No,,,,,,,,,,,,,,,,,,,,,
267,Logen Collier-Sullivan,Logen,Collier-Sullivan,,C/SrA,GLR-MI-011,,available,,810-841-9640,,No,,,,,,,,,,,,,,,,,,,,,
268,Mason Zimmerman,Mason,Zimmerman,,C/SSgt,GLR-MI-119,,available,,,,No,,,,,,,,,,,,,,,,,,,,,
269,Myla Totten,Myla,Totten,,C/TSgt,GLR-MI-011,,available,,810-966-6071,,No,,,,,,,,,,,,,,,,,,,,,
270,Amaya Clemons,Amaya,Clemons,,C/SSgt,GLR-MI-257,,available,,517-819-0531,,No,,,,,,,,,,,,,,,,,,,,,
271,Dominic Levin,Dominic,Levin,,C/Amn,GLR-MI-176,,available,,586-365-8368,,No,,,,,,,,,,,,,,,,,,,,,
272,Brantley Martz,Brantley,Martz,,C/A1C,GLR-MI-094,,available,,231-250-5209,,No,,,,,,,,,,,,,,,,,,,,,
273,Benjamen Berkhof,Benjamen,Berkhof,,C/SrA,GLR-MI-265,,available,,616-644-2425,,No,,,,,,,,,,,,,,,,,,,,,
274,Willow Campbell,Willow,Campbell,,C/Amn,GLR-MI-176,,available,,419-494-7629,,No,,,,,,,,,,,,,,,,,,,,,
275,Vilalon Giovanni,Vilalon,Giovanni,,C/Amn,GLR-MI-257,,available,,,,No,,,,,,,,,,,,,,,,,,,,,
276,Kaieliana Pego,Kaieliana,Pego,,C/Amn,GLR-MI-119,,available,,231-923-0052,,No,,,,,,,,,,,,,,,,,,,,,
277,Kimberly Duncan,Kimberly,Duncan,,C/Amn,GLR-MI-214,,available,,517-499-6577,,No,,,,,,,,,,,,,,,,,,,,,
278,Emma Partin,Emma,Partin,,C/A1C,GLR-MI-202,,available,,,,No,,,,,,,,,,,,,,,,,,,,,
279,Kolton Shryock,Kolton,Shryock,,C/A1C,GLR-MI-094,,available,,231-878-5028,,No,,,,,,,,,,,,,,,,,,,,,
280,Edward Personette,Edward,Personette,,C/Amn,GLR-MI-059,,available,,517-662-2365,,No,,,,,,,,,,,,,,,,,,,,,
281,Edward Personette,Edward,Personette,,C/A1C,GLR-MI-437,,available,,248-770-8622,,No,,,,,,,,,,,,,,,,,,,,,
282,Amaiya Hardiman,Amaiya,Hardiman,,C/Amn,GLR-MI-176,,available,,810-263-8230,,No,,,,,,,,,,,,,,,,,,,,,
283,Amaya Fischer,Amaya,Fischer,,C/Amn,GLR-MI-257,,available,,517-648-3201,,No,,,,,,,,,,,,,,,,,,,,,
,Joe Smith,Joe,Smith,,,,,available,,,,No,,,,,,,,,,,,,,,,,,,,,
1001,Alice Example,Alice,Example,ECHO1,,,,available,,,,No,,,,,,,,,,,,,,,,,,,,,
1002,Bravo Example,Bravo,Example,BRAVO,,,,available,,,,No,,,,,,,,,,,,,,,,,,,,,
2001,Charlie Search,Charlie,Search,ALPHA,,,,available,,,,No,,,,,,,,,,,,,,,,,,,,,
2002,Donna Support,Donna,Support,BRAVO,,,,available,,,,No,,,,,,,,,,,,,,,,,,,,,
2001,Charlie Search,Charlie,Search,ALPHA,,,,available,,405-111-2222,,No,,,,,,,,,,,,,,,,,,,,,
2002,Contact Lookup,Contact,Lookup,BRAVO,,,,available,,555-0100,,No,,,,,,,,,,,,,,,,,,,,,
2001,Charlie Search,Charlie,Search,ALPHA,,,,available,,405-111-2222,,No,,,,,,,,,,,,,,,,,,,,,
2002,Contact Lookup,Contact,Lookup,BRAVO,,,,available,,555-0100,,No,,,,,,,,,,,,,,,,,,,,,
2001,Charlie Search,Charlie,Search,ALPHA,,,,available,,405-111-2222,,No,,,,,,,,,,,,,,,,,,,,,
2002,Contact Lookup,Contact,Lookup,BRAVO,,,,available,,555-0100,,No,,,,,,,,,,,,,,,,,,,,,
2001,Charlie Search,Charlie,Search,ALPHA,,,,available,,405-111-2222,,No,,,,,,,,,,,,,,,,,,,,,
2002,Contact Lookup,Contact,Lookup,BRAVO,,,,available,,555-0100,,No,,,,,,,,,,,,,,,,,,,,,
3001,Evan Override,Evan,Override,RAVEN,,,,available,,,,No,,,,,,,,,,,,,,,,,,,,,
