name,function,rx_freq,tx_freq,rx_tone,tx_tone,system,mode,line_a,line_c,notes
CC-1 P,,,,,,CAP,D,True,True,Not for use in border zone
CC-2 P,,,,,,CAP,D,False,False,
AIR-1 P,,,,,,CAP,D,True,True,Not for use in border zone
AIR-2 P,,,,,,CAP,D,True,True,Not for use in border zone
CAPGUARD,,,,,,CAP,A,False,False,
TAC 1 P,,,,,,CAP,D,False,False,
R-01 P,,,,,,CAP,M,False,False,
R-02 P,,,,,,CAP,M,False,False,
R-03 P,,,,,,CAP,M,False,False,
R-04 P,,,,,,CAP,M,False,False,
R-05 P,,,,,,CAP,M,False,False,
R-06 P,,,,,,CAP,M,False,False,
R-07 P,,,,,,CAP,M,False,False,
R-08 P,,,,,,CAP,M,False,False,
R-09 P,,,,,,CAP,M,False,False,
R-10 P,,,,,,CAP,M,False,False,
R-11 P,,,,,,CAP,M,False,False,
R-12 P,,,,,,CAP,M,False,False,
R-13 P,,,,,,CAP,M,False,False,
R-14 P,,,,,,CAP,M,False,False,
R-15 P,,,,,,CAP,M,False,False,
R-16 P,,,,,,CAP,M,False,False,
R-17 P,,,,,,CAP,M,False,False,
R-18 P,,,,,,CAP,M,False,False,
R-19 P,,,,,,CAP,M,False,False,
R-20 P,,,,,,CAP,M,False,False,
R-21 P,,,,,,CAP,M,False,False,
R-22 P,,,,,,CAP,M,False,False,
R-23 P,,,,,,CAP,M,False,False,
R-24 P,,,,,,CAP,M,False,False,
R-25 P,,,,,,CAP,M,False,False,
R-26 P,,,,,,CAP,M,False,False,
R-27 P,,,,,,CAP,M,False,False,
R-28 P,,,,,,CAP,M,False,False,
R-29 P,,,,,,CAP,M,False,False,
R-30 P,,,,,,CAP,M,False,False,
R-31 P,,,,,,CAP,M,False,False,
R-32 P,,,,,,CAP,M,False,False,
R-33 P,,,,,,CAP,M,False,False,
R-34 P,,,,,,CAP,M,False,False,
R-35 P,,,,,,CAP,M,False,False,
R-36 P,,,,,,CAP,M,False,False,
R-37 P,,,,,,CAP,M,False,False,
R-38 P,,,,,,CAP,M,False,False,
R-39 P,,,,,,CAP,M,False,False,
R-40 P,,,,,,CAP,M,False,False,
R-41 P,,,,,,CAP,M,False,False,
R-42 P,,,,,,CAP,M,False,False,
R-43 P,,,,,,CAP,M,False,False,
R-44 P,,,,,,CAP,M,False,False,
R-45 P,,,,,,CAP,M,False,False,
R-46 P,,,,,,CAP,M,False,False,
R-47 P,,,,,,CAP,M,False,False,
R-48 P,,,,,,CAP,M,False,False,
R-49 P,,,,,,CAP,M,False,False,
R-50 P,,,,,,CAP,M,False,False,
R-51 P,,,,,,CAP,M,False,False,
R-52 P,,,,,,CAP,M,False,False,
R-53 P,,,,,,CAP,M,False,False,
R-54 P,,,,,,CAP,M,False,False,
R-55 P,,,,,,CAP,M,False,False,
R-56 P,,,,,,CAP,M,False,False,
R-57 P,,,,,,CAP,M,False,False,
R-58 P,,,,,,CAP,M,False,False,
R-59 P,,,,,,CAP,M,False,False,
R-60 P,,,,,,CAP,M,False,False,
R-61 P,,,,,,CAP,M,False,False,
R-62 P,,,,,,CAP,M,False,False,
R-63 P,,,,,,CAP,M,False,False,Portable Repeater
R-64 P,,,,,,CAP,M,False,False,Portable Repeater
R-67 P,,,,,,CAP,M,False,False,
R-68 P,,,,,,CAP,M,False,False,
R-69 P,,,,,,CAP,M,False,False,
R-70 P,,,,,,CAP,M,False,False,
R-101 P,,,,,,CAP,M,False,False,Border Zone
R-102 P,,,,,,CAP,M,False,False,Border Zone
R-103 P,,,,,,CAP,M,False,False,Border Zone
R-104 P,,,,,,CAP,M,False,False,Border Zone
R-105 P,,,,,,CAP,M,False,False,Border Zone
R-106 P,,,,,,CAP,M,False,False,Border Zone
R-107 P,,,,,,CAP,M,False,False,Border Zone
123.1 MHZ,,123.1000,123.1000,,,Aviation,AM,False,False,Not authorized for training use
ISR-1,,,,,,CAP,FMN,False,False,ISR Radios
ISR-2,,,,,,CAP,FMN,False,False,ISR Radios
ISR-3,,,,,,CAP,FMN,False,False,ISR Radios
ISR-4,,,,,,CAP,FMN,False,False,ISR Radios
ISR-5,,,,,,CAP,FMN,False,False,ISR Radios
ISR-6,,,,,,CAP,FMN,False,False,ISR Radios
ISR-7,,,,,,CAP,FMN,False,False,ISR Radios
ISR-8,,,,,,CAP,FMN,False,False,ISR Radios
ISR-9,,,,,,CAP,FMN,False,False,ISR Radios
ISR-10,,,,,,CAP,FMN,False,False,ISR Radios
ISR-11,,,,,,CAP,FMN,False,False,ISR Radios
ISR-12,,,,,,CAP,FMN,False,False,ISR Radios
ISR-13,,,,,,CAP,FMN,False,False,ISR Radios
ISR-14,,,,,,CAP,FMN,False,False,ISR Radios
USCG 06,,156.3000,156.3000,CSQ,CSQ,Marine,FM,False,False,Intership Safety
USCG 09,,156.4500,156.4500,CSQ,CSQ,Marine,FM,False,False,"Boater calling, commercial and non commercial"
USCG 13,,156.6500,156.6500,CSQ,CSQ,Marine,FM,False,False,Intership navigation safety
MARINE 16,Emergency,156.8000,156.8000,CSQ,CSQ,Marine,FM,False,False,"International distress, safety, and calling"
USCG 17,,156.8500,156.8500,CSQ,CSQ,Marine,FM,False,False,State and local government maritime control
USCG 21A,,157.0500,157.0500,CSQ,CSQ,Marine,FM,False,False,
USCG 22A,,157.1000,157.1000,CSQ,CSQ,Marine,FM,False,False,USCG Liason and Maritime Safety Information Broadcasts
USCG 23A,,157.1500,157.1500,CSQ,CSQ,Marine,FM,False,False,
USCG 81A,,157.0750,157.0750,CSQ,CSQ,Marine,FM,False,False,Environmental Protection Operations
USCG 82A,,157.1250,157.1250,CSQ,CSQ,Marine,FM,False,False,
USCG 83A,,157.1750,157.1750,CSQ,CSQ,Marine,FM,False,False,
NC 1,,169.5375,164.7125,CSQ,CSQ,NIFOG Federal,A,False,False,Incident Calling
IR 1,,170.0125,165.2500,CSQ,CSQ,NIFOG Federal,A,False,False,Incident Command
IR 2,,170.4125,165.9625,CSQ,CSQ,NIFOG Federal,A,False,False,Medical Evacuation
IR 3,,170.6875,166.5750,CSQ,CSQ,NIFOG Federal,A,False,False,Logistics Control
IR 4,,173.0375,167.3250,CSQ,CSQ,NIFOG Federal,A,False,False,Interagency Convoy
IR 5,,169.5375,169.5375,CSQ,CSQ,NIFOG Federal,A,False,False,Incident Calling
IR 6,,170.0125,170.0125,CSQ,CSQ,NIFOG Federal,A,False,False,Incident Command
IR 7,,170.4125,170.4125,CSQ,CSQ,NIFOG Federal,A,False,False,Medical Evacuation
IR 8,,170.6875,170.6875,CSQ,CSQ,NIFOG Federal,A,False,False,Logistics Control
IR 9,,173.0375,173.0375,CSQ,CSQ,NIFOG Federal,A,False,False,Interagency Convoy
122.9 MHZ,,122.9000,122.9000,CSQ,CSQ,Aviation,AM,False,False,
VCALL 10,,155.7525,155.7525,156.7,156.7,NIFOG,A,False,False,VHF INTEROP National
VFIRE 21,,154.2800,154.2800,CSQ,156.7,NIFOG,A,False,False,VHF INTEROP National
VFIRE 22,,154.2650,154.2650,CSQ,156.7,NIFOG,A,False,False,VHF INTEROP National
VFIRE 23,,154.2950,154.2950,CSQ,156.7,NIFOG,A,False,False,VHF INTEROP National
VFIRE 24,,154.2725,154.2725,CSQ,156.7,NIFOG,A,False,False,VHF INTEROP National
VFIRE 25,,154.2875,154.2875,CSQ,156.7,NIFOG,A,False,False,VHF INTEROP National
VFIRE 26,,154.3025,154.3025,CSQ,156.7,NIFOG,A,False,False,VHF INTEROP National
VMED 28,,155.3400,155.3400,CSQ,156.7,NIFOG,A,False,False,VHF INTEROP National
VMED 29,,155.3475,155.3475,CSQ,156.7,NIFOG,A,False,False,VHF INTEROP National
VSAR16,,155.1600,155.1600,127.3,127.3,NIFOG,A,False,False,SAR COMMON
VTAC 11,,151.1375,151.1375,156.7,156.7,NIFOG,A,False,False,VHF INTEROP National
VTAC 12,,154.4525,154.4525,156.7,156.7,NIFOG,A,False,False,VHF INTEROP National
VTAC 13,,158.7375,158.7375,156.7,156.7,NIFOG,A,False,False,VHF INTEROP National
VTAC 14,,159.4725,159.4725,156.7,156.7,NIFOG,A,False,False,VHF INTEROP National
VTAC 33,,159.4725,151.1375,156.7,156.7,NIFOG,A,False,False,Portable Tactical Repeater
VTAC 34,,158.7375,154.4525,156.7,156.7,NIFOG,A,False,False,Portable Tactical Repeater
VTAC 35,,159.4725,158.7375,156.7,156.7,NIFOG,A,False,False,Portable Tactical Repeater
VTAC 36,,151.1375,159.4725,156.7,156.7,NIFOG,A,False,False,Portable Tactical Repeater
VTAC 37,,154.4525,158.7375,156.7,156.7,NIFOG,A,False,False,Portable Tactical Repeater
VTAC 38,,158.7375,159.4725,156.7,156.7,NIFOG,A,False,False,Portable Tactical Repeater
VLAW31,,155.4750,155.4750,156.7,156.7,NIFOG,A,False,False,VHF INTEROP National
VLAW32,,155.4825,155.4825,156.7,156.7,NIFOG,A,False,False,VHF INTEROP National
FRS 01,,462.5625,462.5625,CSQ,CSQ,FRS,FMN,False,False,2W ERP
FRS 02,,462.5875,462.5875,CSQ,CSQ,FRS,FMN,False,False,2W ERP
FRS 03,,462.6125,462.6125,CSQ,CSQ,FRS,FMN,False,False,2W ERP
FRS 04,,462.6375,462.6375,CSQ,CSQ,FRS,FMN,False,False,2W ERP
FRS 05,,462.6625,462.6625,CSQ,CSQ,FRS,FMN,False,False,2W ERP
FRS 06,,462.6875,462.6875,CSQ,CSQ,FRS,FMN,False,False,2W ERP
FRS 07,,462.7125,462.7125,CSQ,CSQ,FRS,FMN,False,False,2W ERP
FRS 08,,467.5625,467.5625,CSQ,CSQ,FRS,FMN,False,False,0.5W ERP
FRS 09,,467.5875,467.5875,CSQ,CSQ,FRS,FMN,False,False,0.5W ERP
FRS 10,,467.6125,467.6125,CSQ,CSQ,FRS,FMN,False,False,0.5W ERP
FRS 11,,467.6375,467.6375,CSQ,CSQ,FRS,FMN,False,False,0.5W ERP
FRS 12,,467.6625,467.6625,CSQ,CSQ,FRS,FMN,False,False,0.5W ERP
FRS 13,,467.6875,467.6875,CSQ,CSQ,FRS,FMN,False,False,0.5W ERP
FRS 14,,467.7125,467.7125,CSQ,CSQ,FRS,FMN,False,False,0.5W ERP
FRS 15,,462.5500,462.5500,CSQ,CSQ,FRS,FMN,False,False,2W ERP
FRS 16,,462.5750,462.5750,CSQ,CSQ,FRS,FMN,False,False,2W ERP
FRS 17,,462.6000,462.6000,CSQ,CSQ,FRS,FMN,False,False,2W ERP
FRS 18,,462.6250,462.6250,CSQ,CSQ,FRS,FMN,False,False,2W ERP
FRS 19,,462.6500,462.6500,CSQ,CSQ,FRS,FMN,False,False,2W ERP
FRS 20,,462.6750,462.6750,CSQ,CSQ,FRS,FMN,False,False,2W ERP
FRS 21,,462.7000,462.7000,CSQ,CSQ,FRS,FMN,False,False,2W ERP
FRS 22,,462.7250,462.7250,CSQ,CSQ,FRS,FMN,False,False,2W ERP
7CALL50,,769.24375,799.24375,F7E,293,NIFOG,D,False,False,National 700MHZ Intop
7CALL50D,,769.24375,769.24375,F7E,293,NIFOG,D,False,False,National 700MHZ Intop
7TAC51,,769.14375,799.14375,F7E,293,NIFOG,D,False,False,National 700MHZ Intop
7TAC51D,,769.14375,769.14375,F7E,293,NIFOG,D,False,False,National 700MHZ Intop
7TAC52,,769.64375,799.64375,F7E,293,NIFOG,D,False,False,National 700MHZ Intop
7TAC52D,,769.64375,769.64375,F7E,293,NIFOG,D,False,False,National 700MHZ Intop
7TAC53,,770.14375,800.14375,F7E,293,NIFOG,D,False,False,National 700MHZ Intop
7TAC53D,,770.14375,770.14375,F7E,293,NIFOG,D,False,False,National 700MHZ Intop
7TAC54,,770.64375,800.64375,F7E,293,NIFOG,D,False,False,National 700MHZ Intop
7TAC54D,,770.64375,770.64375,F7E,293,NIFOG,D,False,False,National 700MHZ Intop
7TAC55,,769.74375,799.74375,F7E,293,NIFOG,D,False,False,National 700MHZ Intop
7TAC55D,,769.74375,769.74375,F7E,293,NIFOG,D,False,False,National 700MHZ Intop
7TAC56,,770.24375,800.24375,F7E,293,NIFOG,D,False,False,National 700MHZ Intop
7TAC56D,,770.24375,770.24375,F7E,293,NIFOG,D,False,False,National 700MHZ Intop
7GTAC57,,770.99375,800.99375,F7E,293,NIFOG,D,False,False,National 700MHZ Intop
7GTAC57D,,770.99375,770.99375,F7E,293,NIFOG,D,False,False,National 700MHZ Intop
7CALL70,,773.25625,803.25625,F7E,293,NIFOG,D,False,False,National 700MHZ Intop
7CALL70D,,773.25625,773.25625,F7E,293,NIFOG,D,False,False,National 700MHZ Intop
7TAC71,,773.10625,803.10625,F7E,293,NIFOG,D,False,False,National 700MHZ Intop
7TAC71D,,773.10625,773.10625,F7E,293,NIFOG,D,False,False,National 700MHZ Intop
7TAC72,,773.60625,803.60625,F7E,293,NIFOG,D,False,False,National 700MHZ Intop
7TAC72D,,773.60625,773.60625,F7E,293,NIFOG,D,False,False,National 700MHZ Intop
7TAC73,,774.10625,804.10625,F7E,293,NIFOG,D,False,False,National 700MHZ Intop
7TAC73D,,774.10625,774.10625,F7E,293,NIFOG,D,False,False,National 700MHZ Intop
7TAC74,,774.60625,804.60625,F7E,293,NIFOG,D,False,False,National 700MHZ Intop
7TAC74D,,774.60625,774.60625,F7E,293,NIFOG,D,False,False,National 700MHZ Intop
7TAC75,,773.75625,803.75625,F7E,293,NIFOG,D,False,False,National 700MHZ Intop
7TAC75D,,773.75625,773.75625,F7E,293,NIFOG,D,False,False,National 700MHZ Intop
7TAC76,,774.25625,804.25625,F7E,293,NIFOG,D,False,False,National 700MHZ Intop
7TAC76D,,774.25625,774.25625,F7E,293,NIFOG,D,False,False,National 700MHZ Intop
7GTAC77,,774.85625,804.85625,F7E,293,NIFOG,D,False,False,National 700MHZ Intop
7GTAC77D,,774.85625,774.85625,F7E,293,NIFOG,D,False,False,National 700MHZ Intop
7MOB59,,770.99375,800.89375,F7E,293,NIFOG,D,False,False,National 700MHZ Intop
7MOB59D,,770.99375,770.99375,F7E,293,NIFOG,D,False,False,National 700MHZ Intop
7MOB79,,774.50625,804.50625,F7E,293,NIFOG,D,False,False,National 700MHZ Intop
7MOB79D,,774.50625,774.50625,F7E,293,NIFOG,D,False,False,National 700MHZ Intop
7FIRE63,,773.50625,799.89375,F7E,293,NIFOG,D,False,False,National 700MHZ Intop
7FIRE63D,,773.50625,773.50625,F7E,293,NIFOG,D,False,False,National 700MHZ Intop
7FIRE64,,769.99375,799.99375,F7E,293,NIFOG,D,False,False,National 700MHZ Intop
7FIRE64D,,769.99375,769.99375,F7E,293,NIFOG,D,False,False,National 700MHZ Intop
7FIRE83,,773.50625,803.50625,F7E,293,NIFOG,D,False,False,National 700MHZ Intop
7FIRE83D,,773.50625,773.50625,F7E,293,NIFOG,D,False,False,National 700MHZ Intop
7FIRE84,,773.85625,803.85625,F7E,293,NIFOG,D,False,False,National 700MHZ Intop
7FIRE84D,,773.85625,773.85625,F7E,293,NIFOG,D,False,False,National 700MHZ Intop
7MED65,,769.39375,799.99375,F7E,293,NIFOG,D,False,False,National 700MHZ Intop
7MED65D,,769.39375,769.39375,F7E,293,NIFOG,D,False,False,National 700MHZ Intop
7MED66,,769.49375,799.49375,F7E,293,NIFOG,D,False,False,National 700MHZ Intop
7MED77D,,769.49375,769.49375,F7E,293,NIFOG,D,False,False,National 700MHZ Intop
7MED86,,773.00625,803.00625,F7E,293,NIFOG,D,False,False,National 700MHZ Intop
7MED86D,,773.00625,773.00625,F7E,293,NIFOG,D,False,False,National 700MHZ Intop
7MED87,,773.35625,803.35625,F7E,293,NIFOG,D,False,False,National 700MHZ Intop
7MED87D,,773.35625,773.35625,F7E,293,NIFOG,D,False,False,National 700MHZ Intop
7AG58,,769.13125,799.13125,F7E,293,NIFOG,D,False,False,National 700MHZ Intop
7AG58D,,769.13125,769.13125,F7E,293,NIFOG,D,False,False,National 700MHZ Intop
7AG60,,769.63125,799.63125,F7E,293,NIFOG,D,False,False,National 700MHZ Intop
7AG60D,,769.63125,769.63125,F7E,293,NIFOG,D,False,False,National 700MHZ Intop
7AG67,,770.13125,800.13125,F7E,293,NIFOG,D,False,False,National 700MHZ Intop
7AG67D,,770.13125,770.13125,F7E,293,NIFOG,D,False,False,National 700MHZ Intop
7AG68,,770.63125,800.63125,F7E,293,NIFOG,D,False,False,National 700MHZ Intop
7AG68D,,770.63125,770.63125,F7E,293,NIFOG,D,False,False,National 700MHZ Intop
7AG78,,773.11875,803.11875,F7E,293,NIFOG,D,False,False,National 700MHZ Intop
7AG78D,,773.11875,773.11875,F7E,293,NIFOG,D,False,False,National 700MHZ Intop
7AG80,,773.61875,803.61875,F7E,293,NIFOG,D,False,False,National 700MHZ Intop
7AG80D,,773.61875,773.61875,F7E,293,NIFOG,D,False,False,National 700MHZ Intop
7AG87,,774.11875,804.11875,F7E,293,NIFOG,D,False,False,National 700MHZ Intop
7AG87D,,774.11875,774.11875,F7E,293,NIFOG,D,False,False,National 700MHZ Intop
7AG88 LZ,,774.61875,804.61875,F7E,293,NIFOG,D,False,False,National 700MHZ Intop
7AG88D LZ,,774.61875,774.61875,F7E,293,NIFOG,D,False,False,National 700MHZ Intop
8CALL90,,851.51250,806.01250,156.7,156.7,NIFOG,A,False,False,National 800MHZ Intop
8CALL90D,,851.51250,851.51250,156.7,156.7,NIFOG,A,False,False,National 800MHZ Intop
8TAC91,,851.51250,806.51250,156.7,156.7,NIFOG,A,False,False,National 800MHZ Intop
8TAC91D,,851.51250,851.51250,156.7,156.7,NIFOG,A,False,False,National 800MHZ Intop
8TAC92,,852.01250,807.01250,156.7,156.7,NIFOG,A,False,False,National 800MHZ Intop
8TAC92D,,852.01250,852.01250,156.7,156.7,NIFOG,A,False,False,National 800MHZ Intop
8TAC93,,852.51250,807.51250,156.7,156.7,NIFOG,A,False,False,National 800MHZ Intop
8TAC93D,,852.51250,852.51250,156.7,156.7,NIFOG,A,False,False,National 800MHZ Intop
8TAC94,,853.01250,808.01250,156.7,156.7,NIFOG,A,False,False,National 800MHZ Intop
8TAC94D,,853.01250,853.01250,156.7,156.7,NIFOG,A,False,False,National 800MHZ Intop
HAM 2m FM Calling,,144.5200,144.5200,CSQ,CSQ,Amateur,FM,False,False,
HAM 2m SSB Calling,,144.2000,144.2000,,,Amateur,SSB,False,False,
W8JXN,,146.8800,146.2800,100,100,Amateur,FM,False,False,
KA8HDY,,147.3600,147.9600,100,100,Amateur,FM,False,False,
38U MUNITH,,442.3250,447.3250,CSQ,CSQ,Amateur,FMN,False,False,
38U JACKSON,,444.1750,449.1750,100,100,Amateur,FMN,False,False,
13SKY1,,147.1200,147.7200,186.2,186.2,Amateur,FM,False,False,
13SKY2,,146.6600,146.0600,94.8,94.8,Amateur,FM,False,False,
13SKY3,,146.4400,146.4400,CSQ,CSQ,Amateur,FM,False,False,
13 SKY 4,,443.9500,448.9500,94.8,94.8,Amateur,FMN,False,False,
BC IRA,,145.1500,144.5500,94.8,94.8,Amateur,FM,False,False,
13 Simplex,,146.4400,146.4400,CSQ,CSQ,Amateur,FM,False,False,
23 SKY,,147.0800,147.6800,114.8,114.8,Amateur,FM,False,False,
23 ARES,,145.3900,144.7900,100,100,Amateur,FM,False,False,
23U EATON RAPIDS,,442.2500,447.2500,100,100,Amateur,FMN,False,False,
23U ARPSC SKY,,443.6250,448.6250,100,100,Amateur,FMN,False,False,
30 HCARC,,147.0600,147.6600,179.9,179.9,Amateur,FM,False,False,
30 JEROME,,444.8250,449.8250,107.2,107.2,Amateur,FMN,False,False,
30 INTER CO SKY,,146.8200,146.2200,,,Amateur,,False,False,
33 SKY 1,,145.3900,144.7900,100,100,Amateur,FM,False,False,
33 SKY 2,,146.9400,146.3400,100,100,Amateur,FM,False,False,
33 ARES 1,,145.3900,144.7900,100,100,Amateur,FM,False,False,
33 ARES 2,,146.9400,146.3400,100,100,Amateur,FM,False,False,
33 RACES,,146.7000,146.1000,107.2,107.2,Amateur,FM,False,False,
33 Simplex,,146.5800,146.5800,CSQ,CSQ,Amateur,FM,False,False,
33U AURELIUS,,443.8750,448.8750,136.5,136.5,Amateur,FMN,False,False,
33U DANSVILLE,,444.5750,449.7000,107.2,107.2,Amateur,FMN,False,False,
33U LANSING,,444.5250,447.5250,107.2,107.2,Amateur,FMN,False,False,
33U W8MSU,,442.9000,447.9000,77,77,Amateur,FMN,False,False,
33U MASON,,443.7000,448.7000,100,100,Amateur,FMN,False,False,
46 SKY 1,,145.3700,144.7700,85.4,85.4,Amateur,FM,False,False,
46 SKY 2,,443.3750,448.3750,107.2,107.2,Amateur,FMN,False,False,
46 SKY 3,,444.6750,449.6750,123,123,Amateur,FMN,False,False,
81 ARES VHF,,145.1500,144.5500,100,100,Amateur,FM,False,False,
81 ARES UHF,,443.0500,448.0500,107.2,107.2,Amateur,FMN,False,False,
81 RACES,,146.9200,146.3200,100,100,Amateur,FM,False,False,
81 SIMPLEX,,146.5800,146.5800,100,100,Amateur,FM,False,False,
81 W8UM,,145.2300,144.6300,100,100,Amateur,FM,False,False,
81 CHELSEA,,145.4500,144.8500,100,100,Amateur,FM,False,False,
81 MANCHESTER,,146.9800,146.3800,100,100,Amateur,FM,False,False,
81 ANN ARBOR,,146.7400,146.1400,107.2,107.2,Amateur,FM,False,False,
81U CHELSEA,,443.5750,448.5750,100,100,Amateur,FMN,False,False,
81U N8LBV,,443.0500,448.0500,107.2,107.2,Amateur,FMN,False,False,
81U N8AMX,,443.6500,448.6500,100,100,Amateur,FMN,False,False,
81U WR8DAR,,444.0750,449.0750,82.5,82.5,Amateur,FMN,False,False,
81U W8UM,,444.9750,449.9750,107.2,107.2,Amateur,FMN,False,False,
81U W8SRC,,445.5000,440.5000,171.3,171.3,Amateur,FM,False,False,
81U DEXTER,,446.1500,441.1500,100,100,Amateur,FMN,False,False,
81U KF8AU,,444.6250,449.6250,114.8,114.8,Amateur,FM,False,False,
81U N4IYL,,445.5000,441.5000,171.3,171.3,Amateur,FMN,False,False,
13 BATTLE CREEK,,145.1500,144.5600,94.8,94.8,Amateur,FMN,False,False,W8IRA
54 BIG RAPIDS,,145.2900,144.6900,94.8,94.8,Amateur,FMN,False,False,W8IRA
84 CADILLAC,,147.1600,147.7600,103.5,103.5,Amateur,FMN,False,False,W8IRA
25 FLINT,,147.1000,147.7000,100,100,Amateur,FMN,False,False,W8IRA
41 GRAND RAPIDS,,147.1600,147.7600,94.8,94.8,Amateur,FMN,False,False,W8IRA
70 HOLLAND,,147.1600,147.7600,118.8,118.8,Amateur,FMN,False,False,W8IRA
38 JACKSON,,145.4700,144.8700,114.8,114.8,Amateur,FMN,False,False,W8IRA
39 KALAMAZOO,,145.4700,144.8700,94.8,94.8,Amateur,FMN,False,False,W8IRA
53 LUDINGTON,,145.3100,144.7100,94.8,94.8,Amateur,FMN,False,False,W8IRA
37 MT PLEASENT,,145.1500,144.5500,103.5,103.5,Amateur,FMN,False,False,W8IRA
61 MUSKEEGON,,145.3300,144.7300,94.8,94.8,Amateur,FMN,False,False,W8IRA
28 TRAVERSE CITY,,145.1500,144.5500,114.8,114.8,Amateur,FMN,False,False,W8IRA
69 VANDERBILT,,145.2900,144.6900,103.5,103.5,Amateur,FMN,False,False,W8IRA
NE QUAD 1 PRI,,147.1800,147.7800,131.8,131.8,NWS,FMN,False,False,
NE QUAD 2 SEC,,146.8200,146.2200,103.5,103.5,NWS,FMN,False,False,
SE QUAD 2 PRI,,146.8800,146.2800,131.8,131.8,NWS,FMN,False,False,
SE QUAD 2 SEC,,146.7600,146.1600,131.8,131.8,NWS,FMN,False,False,
SW QUAD 3 PRI,,147.2850,147.8850,131.8,131.8,NWS,FMN,False,False,
SW QUAD 3 SEC,,147.1800,147.7800,77,77,NWS,FMN,False,False,
NW QUAD 4 PRI,,145.4300,144.8300,131.8,131.8,NWS,FMN,False,False,
NW QUAD 4 SEC,,147.3900,147.9900,131.8,131.8,NWS,FMN,False,False,
ALL QUAD SIM 1,,146.5800,146.5800,CSQ,CSQ,NWS,FMN,False,False,
ALL QUAD SIM 2,,146.5200,146.5200,CSQ,CSQ,NWS,FMN,False,False,
MICON GRR PRI,,145.2700,,94.8,94.8,NWS,FMN,False,False,
MICON GRR SEC,,147.2600,,94.8,94.8,NWS,FMN,False,False,
NOAA WX 1,,162.5500,,CSQ,,NWS,FM,False,False,
NOAA WX 2,,162.4000,,CSQ,,NWS,FM,False,False,
NOAA WX 3,,162.4750,,CSQ,,NWS,FM,False,False,
NOAA WX 4,,162.4250,,CSQ,,NWS,FM,False,False,
NOAA WX 5,,162.4500,,CSQ,,NWS,FM,False,False,
NOAA WX 6,,162.5000,,CSQ,,NWS,FM,False,False,
NOAA WX 7,,162.5250,,CSQ,,NWS,FM,False,False,
CMB WX 21B,,161.6500,,CSQ,,NWS,FM,False,False,
CMB WX 23B,,161.7750,,CSQ,,NWS,FM,False,False,
CMB WX 83B,,161.7750,,CSQ,,NWS,FM,False,False,
CMB WX 25B,,161.8500,,CSQ,,NWS,FM,False,False,
CMB WX 28B,,162.0000,,CSQ,,NWS,FM,False,False,
Tac Test 1,Tactical,155.7525,155.7525,100.0,100.0,VHF,FM,False,False,hello
Tac Test Create,Tactical,155.7525,155.7525,100.0,100.0,VHF,FM,False,False,hello
Desktop Reimport Test,Tactical,155.7525,155.7525,100.0,100.0,VHF,FM,False,False,hello world
