capability_id,name,category,description,aliases,is_active,notes
1,Technical Rescue,Search & Rescue,"Specialized rescue operations using ropes, rigging, shoring, and technical equipment.",[],True,
2,Structural Collapse Search & Rescue,Search & Rescue,Search and rescue operations within or around collapsed structures.,[],True,
3,Confined Space Rescue,Search & Rescue,Entry and rescue operations in permit-required confined spaces.,[],True,
4,High Angle / Rope Rescue,Search & Rescue,"Rescue operations on steep terrain, cliffs, or structures using rope systems.",[],True,
5,Water / Swift Water Rescue,Search & Rescue,Rescue operations in moving or flood water environments.,[],True,
6,Dive / Underwater Search,Search & Rescue,"Underwater search, recovery, and rescue operations using SCUBA or surface-supplied systems.",[],True,
7,Wildland Search Operations,Search & Rescue,"Ground search operations in undeveloped terrain, wilderness, or backcountry.",[],True,
8,K9 Search,Search & Rescue,Search operations utilizing trained search dogs for live-find or human remains detection.,[],True,
9,Trench Rescue,Search & Rescue,Rescue operations in trench cave-in and excavation emergencies.,[],True,
10,Structural Firefighting,Fire & Hazmat,Suppression and rescue operations in commercial or residential structure fires.,[],True,
11,Wildland Firefighting,Fire & Hazmat,"Suppression and containment of fires in wildland, brush, or interface environments.",[],True,
12,Aerial Firefighting,Fire & Hazmat,Airborne delivery of water or fire retardant to suppress or contain fires.,[],True,
13,Hazardous Materials Response,Fire & Hazmat,"Detection, containment, and mitigation of hazardous chemical, biological, or radiological releases.",[],True,
14,Decontamination Operations,Fire & Hazmat,"Removal of hazardous contaminants from personnel, equipment, or the public.",[],True,
15,CBRN Detection,Fire & Hazmat,"Detection and identification of chemical, biological, radiological, and nuclear agents.",[],True,
16,Foam / Class B Fire Suppression,Fire & Hazmat,Suppression of flammable liquid fires using AFFF or other foam concentrates.,[],True,
17,Advanced Life Support (ALS),Medical,"Paramedic-level prehospital care including advanced airway management, IV/IO access, and medication administration.",[],True,
18,Basic Life Support (BLS),Medical,"EMT-level prehospital care including CPR, splinting, bleeding control, and oxygen therapy.",[],True,
19,Mass Casualty Operations,Medical,"Triage, treatment, and transport coordination during multi-casualty or mass casualty incidents.",[],True,
20,Aeromedical Transport,Medical,Patient transport by rotary or fixed-wing aircraft with in-flight medical care.,[],True,
21,Trauma / Surgical Care,Medical,Advanced trauma stabilization and surgical intervention capabilities.,[],True,
22,Public Health Surveillance,Medical,Epidemiological monitoring and disease surveillance in emergency or post-disaster settings.,[],True,
23,Pharmaceutical Cache,Medical,"Stockpile or push-package of medications, vaccines, or medical countermeasures.",[],True,
24,Mental Health / Crisis Intervention,Medical,Behavioral health support and crisis counseling for disaster survivors and responders.,[],True,
25,Tactical Law Enforcement,Law Enforcement,"High-risk law enforcement operations including SWAT, hostage rescue, and active threat response.",[],True,
26,Explosive Ordnance Disposal,Law Enforcement,"Detection, assessment, and disposal of explosive devices and ordnance.",[],True,
27,Crowd Management,Law Enforcement,"Monitoring, controlling, and managing large crowds at events or civil unrest situations.",[],True,
28,Traffic Control,Law Enforcement,"Direction and management of vehicle traffic at scenes, evacuation routes, or road closures.",[],True,
29,Maritime / Port Security,Law Enforcement,Law enforcement and security operations on or around navigable waterways and ports.,[],True,
30,Cybersecurity Operations,Law Enforcement,"Detection, mitigation, and response to cyber incidents affecting critical infrastructure.",[],True,
31,Voice Radio Communications,Communications,"Tactical and command voice radio operations using VHF, UHF, or 700/800 MHz systems.",[],True,
32,Satellite Communications,Communications,"Voice, data, and video communications via satellite when terrestrial infrastructure is degraded.",[],True,
33,Mobile Command Operations,Communications,Deployable command-and-control communications platform for field operations.,[],True,
34,Interoperability / Radio Patching,Communications,Bridging disparate radio systems to enable cross-agency voice communications.,[],True,
35,Data / Network Communications,Communications,"Field deployable data networking supporting CAD, GIS, or situational awareness systems.",[],True,
36,Alert & Warning,Communications,"Public alerting and warning dissemination using EAS, WEA, sirens, or social media.",[],True,
37,Ground Transport,Logistics & Support,"Movement of personnel, equipment, or supplies by road vehicle.",[],True,
38,Air Transport,Logistics & Support,"Movement of personnel, equipment, or supplies by rotary or fixed-wing aircraft.",[],True,
39,Fuel and POL Services,Logistics & Support,"Storage, transport, and dispensing of petroleum, oil, and lubricants for field operations.",[],True,
40,Base Camp / Staging Support,Logistics & Support,"Establishment and operation of base camps, staging areas, or spike camps.",[],True,
41,Equipment Maintenance,Logistics & Support,"Field maintenance, repair, and servicing of vehicles and equipment.",[],True,
42,Supply Chain / Ordering,Logistics & Support,"Procurement, ordering, tracking, and delivery of resources through supply chain channels.",[],True,
43,Feeding Operations,Logistics & Support,Preparation and distribution of meals for responders or affected populations.,[],True,
44,Incident Command,Command & Coordination,Overall on-scene command authority and management under ICS.,[],True,
45,Planning / Intelligence,Command & Coordination,"Situational awareness collection, analysis, and incident action plan development.",[],True,
46,Operations Coordination,Command & Coordination,Coordination and direction of tactical operations under the Operations Section.,[],True,
47,Finance and Administration,Command & Coordination,"Cost tracking, time recording, procurement, and compensation/claims support.",[],True,
48,Public Information,Command & Coordination,"Media relations, public messaging, and Joint Information Center operations.",[],True,
49,Safety Officer,Command & Coordination,Monitoring and assessment of hazardous and unsafe conditions in field operations.,[],True,
50,EOC Operations,Command & Coordination,Emergency Operations Center management and coordination support.,[],True,
51,Emergency Power Generation,Infrastructure & Utilities,Temporary power supply using generators or mobile power units.,[],True,
52,Water Supply and Distribution,Infrastructure & Utilities,"Potable water procurement, purification, storage, and distribution.",[],True,
53,Emergency Lighting,Infrastructure & Utilities,Portable or mobile lighting for night operations or power outage conditions.,[],True,
54,Debris Removal and Clearance,Infrastructure & Utilities,"Removal of debris from roads, structures, and public spaces to restore access.",[],True,
55,Damage Assessment,Infrastructure & Utilities,Evaluation and documentation of structural and infrastructure damage after a disaster.,[],True,
56,Hazard Mitigation,Infrastructure & Utilities,Actions taken to reduce or eliminate long-term risk to life and property from hazards.,[],True,
57,Emergency Shelter Operations,Mass Care,Establishment and management of congregate or non-congregate shelters for displaced persons.,[],True,
58,Evacuation Support,Mass Care,"Coordination of evacuation routes, transportation, and assembly points for affected populations.",[],True,
59,Reunification Services,Mass Care,Systems and operations to reunite separated individuals and families after a disaster.,[],True,
60,Donations and Volunteer Management,Mass Care,"Coordination of unsolicited donations, spontaneous volunteers, and NGO support.",[],True,
61,Access and Functional Needs Support,Mass Care,"Services for individuals with disabilities, medical needs, or other access and functional needs.",[],True,
62,Large Animal Rescue,Animal Services,"Rescue operations for horses, cattle, and other large animals in emergency situations.",[],True,
63,Small Animal Sheltering,Animal Services,Emergency sheltering and care for household pets and small animals.,[],True,
64,Veterinary Care,Animal Services,"Emergency veterinary triage, treatment, and care for animals during disaster response.",[],True,
