vehicle_id,vin,license_plate,year,make,model,capacity,type_id,status_id,organization,resource_type_id,tags
20030,,015Y068,2011,Ford,E350,12,,,GLR-MI-261,,
20032,,020Y524,2012,Dodge,Grand Caravan,12,,,GLR-MI-261,,
20033,,022Y219,2012,Dodge,Grand Caravan,12,,,GLR-MI-001,,
20034,,023Y476,2013,Ford,E350,12,,,GLR-MI-119,,
20036,,052Y449,2015,Chevrolet,Express 3500,12,,,GLR-MI-655,,
20037,,KY/KG0366,2009,Dodge,Grand Caravan,6,,,GLR-MI-243,,
20038,,055Y119,2017,Chevrolet,Express 3500,12,,,GLR-MI-394,,
20039,,055Y120,2017,Chevrolet,Express 3500,12,,,GLR-MI-238,,
20040,,,2017,Chevrolet,Express 3500,12,,,GLR-MI-075,,
20041,,055Y122,2017,Chevrolet,Express 3500,12,,,GLR-MI-183,,
20042,,055Y164,2017,Chevrolet,Express 3500,12,,,GLR-MI-059,,
20043,,050Y173,2017,Ford,F250,5,,,GLR-MI-022,,
20044,,057Y174,2018,Dodge,Grand Caravan,6,,,GLR-MI-131,,
20045,,060Y715,2020,Dodge,Ram 2500,5,,,GLR-MI-192,,
20046,,060Y714,2020,Ford,Transit 350,12,,,GLR-MI-277,,
20047,,063Y120,2022,Dodge,Ram 2500,5,,,GLR-MI-001,,
20048,,065Y451,2024,Jeep,Grand Cherokee,4,,,GLR-MI-001,,
20049,,,2024,Ford,Transit 350,12,,,GLR-MI-395,,
20050,,,2024,Ford,Transit 350,12,,,GLR-MI-007,,
20051,,,2024,Ford,Transit 350,12,,,GLR-MI-063,,
20052,,,2025,Chevrolet,Express 3500,12,,,GLR-MI-176,,
20053,,,2025,Chevrolet,Express 3500,12,,,GLR-MI-437,,
logistics-van,,,,,Logistics Van,0,Van,Available,,,
unit-7,,,,,Unit-7 SUV,0,SUV,Available,,,
unit-9,,,,,Unit-9 UTV,0,UTV,Available,,,
unit-5,,,,,Unit-5 Truck,0,Truck,Available,,,
TRK-42,,,,Ford,F150,0,,Available,,,
GUI Test Vehicle 1,VIN-1,PLATE-1,2024,Ford,F-150,5,Utility,Available,GUI Test Org,,truck
